Lokalizacja,Liczba ofert,Średnia cena
Bydgoszcz - 09 kwietnia 2024,39,515535.0
Lublin - 09 kwietnia 2024,24,744929.5263157894
"Warszawa, Białołęka - 09 kwietnia 2024",14,879126.5714285715
Toruń - 09 kwietnia 2024,12,759718.1818181818
"Warszawa, Mokotów - 09 kwietnia 2024",12,1072666.6666666667
Legnica - 09 kwietnia 2024,11,808320.7777777778
Lublin - Odświeżono dnia 09 kwietnia 2024,10,549050.125
Kołobrzeg - 09 kwietnia 2024,10,641734.6666666666
"Wrocław, Fabryczna - 09 kwietnia 2024",10,1051740.0
"Warszawa, Bemowo - Odświeżono dnia 09 kwietnia 2024",9,820000.0
Dąbrowa Górnicza - 09 kwietnia 2024,9,928375.0
"Warszawa, Praga-Południe - Odświeżono dnia 09 kwietnia 2024",9,1217000.0
"Łódź, Widzew - Odświeżono dnia 09 kwietnia 2024",9,1053633.3333333333
Koszalin - 09 kwietnia 2024,9,299057.14285714284
"Łódź, Górna - 09 kwietnia 2024",9,549122.5
Stargard - 09 kwietnia 2024,8,600064.625
Starogard Gdański - 09 kwietnia 2024,8,579499.8571428572
"Warszawa, Targówek - 09 kwietnia 2024",8,789200.0
"Wrocław, Krzyki - 09 kwietnia 2024",8,1011287.5
Bielsko-Biała - 09 kwietnia 2024,8,695745.0
Słupsk - 09 kwietnia 2024,8,821714.2857142857
Rzeszów - 09 kwietnia 2024,8,728661.875
Gniezno - 09 kwietnia 2024,7,824857.1428571428
Opole - 09 kwietnia 2024,7,474638.0
Bydgoszcz - Odświeżono dnia 09 kwietnia 2024,7,519250.0
Radom - 09 kwietnia 2024,7,700400.0
"Łódź, Bałuty - 09 kwietnia 2024",7,406075.0
"Warszawa, Śródmieście - 09 kwietnia 2024",7,840333.3333333334
"Warszawa, Śródmieście - Odświeżono dnia 09 kwietnia 2024",7,1256330.0
"Warszawa, Wawer - Odświeżono dnia 09 kwietnia 2024",7,1353333.3333333333
Leszno - 09 kwietnia 2024,7,602714.2857142857
Gorzów Wielkopolski - 09 kwietnia 2024,6,386800.0
Grudziądz - 09 kwietnia 2024,6,460666.3333333333
"Wrocław, Psie Pole - 09 kwietnia 2024",6,740798.0
"Gdańsk, Aniołki - Odświeżono dnia 09 kwietnia 2024",6,551000.0
Zabrze - 09 kwietnia 2024,6,694966.1666666666
Zielona Góra - 09 kwietnia 2024,6,1458200.0
"Warszawa, Mokotów - Odświeżono dnia 09 kwietnia 2024",6,729000.0
Tychy - 09 kwietnia 2024,6,607200.0
Kalisz - 09 kwietnia 2024,6,869750.0
Katowice - 09 kwietnia 2024,6,525916.6666666666
Szczecin - 09 kwietnia 2024,6,740333.3333333334
"Łódź, Polesie - 09 kwietnia 2024",6,638725.0
Rybnik - 09 kwietnia 2024,6,394780.0
Suwałki - Odświeżono dnia 09 kwietnia 2024,6,522333.3333333333
Poznań - 09 kwietnia 2024,6,672137.0
Jastrzębie-Zdrój - 09 kwietnia 2024,5,339000.0
"Warszawa, Białołęka - Odświeżono dnia 09 kwietnia 2024",5,695000.0
Gdańsk - 09 kwietnia 2024,5,588790.0
Grodzisk Mazowiecki - 09 kwietnia 2024,5,721000.0
"Kraków, Krowodrza - 09 kwietnia 2024",5,1008750.0
Legionowo - 09 kwietnia 2024,5,835800.0
Sosnowiec - 09 kwietnia 2024,5,843780.0
"Kraków, Prądnik Czerwony - 09 kwietnia 2024",5,805960.0
Rumia - 09 kwietnia 2024,5,658175.4
Olsztyn - Odświeżono dnia 09 kwietnia 2024,5,490000.0
"Łódź, Widzew - 09 kwietnia 2024",5,547400.0
Bydgoszcz - Odświeżono dnia 08 kwietnia 2024,5,238475.0
Bełchatów - 09 kwietnia 2024,5,478000.0
"Łódź, Polesie - Odświeżono dnia 09 kwietnia 2024",5,676500.0
"Warszawa, Praga-Południe - 09 kwietnia 2024",5,692500.0
"Warszawa, Praga-Północ - 09 kwietnia 2024",5,538000.0
Mosina - 09 kwietnia 2024,4,1145000.0
"Warszawa, Bielany - 09 kwietnia 2024",4,736000.0
"Poznań, Winogrady - 09 kwietnia 2024",4,586960.0
Oleśnica - 09 kwietnia 2024,4,681666.6666666666
"Kraków, Podgórze - 09 kwietnia 2024",4,799250.0
Nowa Wieś - 09 kwietnia 2024,4,3722500.0
"Łódź, Bałuty - Odświeżono dnia 09 kwietnia 2024",4,367378.6666666667
"Warszawa, Włochy - 09 kwietnia 2024",4,793766.6666666666
"Kraków, Podgórze Duchackie - Odświeżono dnia 09 kwietnia 2024",4,891666.6666666666
Kluczbork - Odświeżono dnia 09 kwietnia 2024,4,280000.0
"Poznań, Grunwald - 09 kwietnia 2024",4,915250.0
"Katowice, Podlesie - 09 kwietnia 2024",4,935000.0
Siedlce - 09 kwietnia 2024,4,554500.0
"Warszawa, Wola - 09 kwietnia 2024",4,973250.0
"Kraków, Łagiewniki-Borek Fałęcki - Odświeżono dnia 09 kwietnia 2024",4,727999.5
"Warszawa, Wawer - 09 kwietnia 2024",4,1465375.0
Zabrze - Odświeżono dnia 09 kwietnia 2024,4,468625.0
Radom - Odświeżono dnia 09 kwietnia 2024,4,430000.0
Łuków - Odświeżono dnia 09 kwietnia 2024,4,
Piaseczno - Odświeżono dnia 09 kwietnia 2024,4,1064375.0
Mława - Odświeżono dnia 09 kwietnia 2024,4,
Skierniewice - 09 kwietnia 2024,4,690914.0
Łomża - Odświeżono dnia 09 kwietnia 2024,4,330662.5
Elbląg - 09 kwietnia 2024,4,513750.0
Tomaszów Mazowiecki - 09 kwietnia 2024,4,925000.0
Gorzów Wielkopolski - Odświeżono dnia 09 kwietnia 2024,4,335900.0
Otwock - 09 kwietnia 2024,4,1076666.6666666667
Tychy - Odświeżono dnia 09 kwietnia 2024,4,
Jonkowo - 09 kwietnia 2024,4,283333.0
Toruń - Odświeżono dnia 08 kwietnia 2024,4,630079.5
"Wrocław, Stare Miasto - 09 kwietnia 2024",4,602250.0
Bielawa - 09 kwietnia 2024,4,1876250.0
"Kraków, Czyżyny - 09 kwietnia 2024",4,919625.0
Żyrardów - 09 kwietnia 2024,4,692225.0
"Kraków, Dębniki - 09 kwietnia 2024",4,977500.0
"Wrocław, Śródmieście - 09 kwietnia 2024",4,791749.75
Wołów - 09 kwietnia 2024,4,559000.0
Bielsko-Biała - Odświeżono dnia 09 kwietnia 2024,4,616250.0
Biała Podlaska - 09 kwietnia 2024,4,691666.6666666666
"Wrocław, Śródmieście - Odświeżono dnia 09 kwietnia 2024",4,614750.0
Inowrocław - 09 kwietnia 2024,4,321000.0
"Poznań, Rataje - Odświeżono dnia 09 kwietnia 2024",4,649500.0
"Łódź, Śródmieście - Odświeżono dnia 07 kwietnia 2024",4,375012.5
Chełm - 09 kwietnia 2024,4,310044.6666666667
Rzeszów - Odświeżono dnia 09 kwietnia 2024,4,627250.0
Koronowo - 09 kwietnia 2024,4,489250.0
Nowe Gniewniewice - Odświeżono dnia 03 kwietnia 2024,3,95000.0
Zgierz - 09 kwietnia 2024,3,682666.3333333334
"Warszawa, Ochota - Odświeżono dnia 09 kwietnia 2024",3,1105000.0
Zelów - Odświeżono dnia 09 kwietnia 2024,3,599000.0
Stanisławie - Dzisiaj o 01:15,3,362077.6666666667
Jarosław - Odświeżono dnia 09 kwietnia 2024,3,890000.0
Zielonka - 09 kwietnia 2024,3,1300000.0
"Warszawa, Białołęka - Odświeżono dnia 08 kwietnia 2024",3,405979.5
"Warszawa, Bielany - Odświeżono dnia 08 kwietnia 2024",3,1850000.0
Jaworzno - 09 kwietnia 2024,3,375613.3333333333
Zbytków - 09 kwietnia 2024,3,
Sopot - 09 kwietnia 2024,3,2480000.0
Jarocin - Odświeżono dnia 09 kwietnia 2024,3,329000.0
Bartoszyce - 09 kwietnia 2024,3,999000.0
"Warszawa, Bemowo - 09 kwietnia 2024",3,1216283.3333333333
Świdnica - 09 kwietnia 2024,3,355000.0
Namysłów - 09 kwietnia 2024,3,549666.6666666666
Golub-Dobrzyń - Odświeżono dnia 08 kwietnia 2024,3,648000.0
"Kraków, Bronowice - 09 kwietnia 2024",3,1791666.6666666667
Rybnik - Odświeżono dnia 09 kwietnia 2024,3,344999.5
"Gdynia, Chwarzno-Wiczlino - 09 kwietnia 2024",3,1014666.6666666666
Żabia Wola - Odświeżono dnia 09 kwietnia 2024,3,1299000.0
Rynarzewo - 09 kwietnia 2024,3,599000.0
"Gdańsk, Wrzeszcz - 09 kwietnia 2024",3,1031333.3333333334
Miastko - Odświeżono Dzisiaj o 01:39,3,
Mechelinki - Dzisiaj o 02:00,3,908560.0
"Gdańsk, Oliwa - 09 kwietnia 2024",3,715000.0
Mińsk Mazowiecki - 09 kwietnia 2024,3,329333.3333333333
"Gliwice, Śródmieście - 09 kwietnia 2024",3,1232220.0
Rębisze Kolonia - Odświeżono dnia 09 kwietnia 2024,3,
Ruda Śląska - 09 kwietnia 2024,3,318666.6666666667
Garby - 09 kwietnia 2024,3,433617.0
Sandomierz - Odświeżono dnia 09 kwietnia 2024,3,799500.0
Nakło nad Notecią - 09 kwietnia 2024,3,572666.6666666666
Gorzów Wielkopolski - Odświeżono dnia 07 kwietnia 2024,3,324999.0
Grabówka - 09 kwietnia 2024,3,1908000.0
"Warszawa, Żoliborz - 09 kwietnia 2024",3,1474500.0
Dąbrowa Górnicza - Odświeżono dnia 09 kwietnia 2024,3,244000.0
Grodzisk Mazowiecki - Odświeżono dnia 09 kwietnia 2024,3,1493000.0
Lubań - 09 kwietnia 2024,3,467500.0
"Warszawa, Włochy - Odświeżono dnia 09 kwietnia 2024",3,
Starachowice - 09 kwietnia 2024,3,610000.0
"Warszawa, Wola - Odświeżono dnia 09 kwietnia 2024",3,1199000.0
"Warszawa, Wilanów - 09 kwietnia 2024",3,1410016.6666666667
"Warszawa, Wesoła - 09 kwietnia 2024",3,2330000.0
Świnoujście - 09 kwietnia 2024,3,802500.0
Zabrze - Odświeżono dnia 08 kwietnia 2024,3,649000.0
Skarżysko-Kamienna - 09 kwietnia 2024,3,476420.3333333333
Babimost - Odświeżono dnia 09 kwietnia 2024,3,890000.0
Ciemne - 09 kwietnia 2024,3,
Stargard - Odświeżono dnia 09 kwietnia 2024,3,224000.0
Szklarska Poręba - 09 kwietnia 2024,3,628990.6666666666
"Będzin, Grodziec - Odświeżono dnia 09 kwietnia 2024",3,349000.0
Przeworsk - Odświeżono dnia 09 kwietnia 2024,3,319546.6666666667
Tarnów - 09 kwietnia 2024,3,1579876.0
Kielce - 09 kwietnia 2024,3,452000.0
Bytom - 09 kwietnia 2024,3,149950.0
Tarnowo Podgórne - 09 kwietnia 2024,3,980833.3333333334
Świeradów-Zdrój - 09 kwietnia 2024,3,572500.0
"Kraków, Stare Miasto - 09 kwietnia 2024",3,998333.3333333334
Opole - Odświeżono dnia 09 kwietnia 2024,3,421666.6666666667
Klimontów - Odświeżono dnia 09 kwietnia 2024,3,
Pruszków - Odświeżono dnia 09 kwietnia 2024,3,
"Łódź, Bałuty - Odświeżono dnia 08 kwietnia 2024",3,743500.0
Brzeg - 09 kwietnia 2024,3,380000.0
Strzelin - Odświeżono dnia 09 kwietnia 2024,3,540000.0
Błonie - 09 kwietnia 2024,3,363523.3333333333
Brodnica - 09 kwietnia 2024,3,409000.0
Szczygłów - Odświeżono dnia 09 kwietnia 2024,3,556000.0
"Poznań, Wilda - 09 kwietnia 2024",3,534999.5
"Szczecin, Pomorzany - 09 kwietnia 2024",3,359500.0
Koszalin - Odświeżono dnia 08 kwietnia 2024,3,603400.0
"Szczecin, Centrum - Odświeżono dnia 07 kwietnia 2024",3,539966.6666666666
Szczecin - Odświeżono dnia 09 kwietnia 2024,3,457666.6666666667
Sulechów - 09 kwietnia 2024,3,531666.6666666666
Pobiedziska - 09 kwietnia 2024,3,569000.0
Kołobrzeg - Odświeżono dnia 09 kwietnia 2024,3,975000.0
Łęczyca - 09 kwietnia 2024,3,865000.0
Kościerzyna - 09 kwietnia 2024,3,550000.0
"Kraków, Bieńczyce - 09 kwietnia 2024",3,775000.0
"Kraków, Łagiewniki-Borek Fałęcki - 09 kwietnia 2024",3,1971333.3333333333
Mizerów - Odświeżono dnia 09 kwietnia 2024,3,590000.0
Tomaszów Lubelski - 09 kwietnia 2024,3,320000.0
Złotów - Odświeżono dnia 09 kwietnia 2024,3,405333.3333333333
Toruń - Odświeżono dnia 09 kwietnia 2024,3,453000.0
Lębork - 09 kwietnia 2024,2,480000.0
"Jelenia Góra, Centrum - 09 kwietnia 2024",2,1159999.0
Goczałkowice-Zdrój - 09 kwietnia 2024,2,799500.0
Goleniów - 09 kwietnia 2024,2,379000.0
Sucha Beskidzka - 09 kwietnia 2024,2,1250000.0
"Szczecin, Pogodno - Odświeżono dnia 09 kwietnia 2024",2,1637500.0
Ustrzyki Dolne - 09 kwietnia 2024,2,755000.0
"Szczecin, Warszewo - Odświeżono dnia 09 kwietnia 2024",2,608000.0
"Kraków, Krowodrza - Odświeżono dnia 09 kwietnia 2024",2,
Konstantynów Łódzki - 09 kwietnia 2024,2,1022500.0
Konstancin-Jeziorna - 09 kwietnia 2024,2,1699500.0
Jarocin - Odświeżono dnia 08 kwietnia 2024,2,309000.0
Pionki - 09 kwietnia 2024,2,199000.0
Lądek-Zdrój - 09 kwietnia 2024,2,5890000.0
"Kraków, Nowa Huta - 09 kwietnia 2024",2,739500.0
Wieliczka - 09 kwietnia 2024,2,935000.0
Żarki - 09 kwietnia 2024,2,419000.0
Starościn - Odświeżono dnia 09 kwietnia 2024,2,569000.0
Siemianowice Śląskie - 09 kwietnia 2024,2,555090.0
"Gdynia, Pogórze - 09 kwietnia 2024",2,564500.0
Lublin - 08 kwietnia 2024,2,425000.0
Wałcz - 09 kwietnia 2024,2,210000.0
Lubkowo - 06 kwietnia 2024,2,230000.0
Szczytniki - 03 kwietnia 2024,2,539000.0
Rąbień AB - Odświeżono dnia 09 kwietnia 2024,2,745000.0
Gniew - Odświeżono dnia 09 kwietnia 2024,2,399000.0
Marki - Odświeżono dnia 07 kwietnia 2024,2,2500000.0
Karpacz - 09 kwietnia 2024,2,7500000.0
Trzebinia - 09 kwietnia 2024,2,367000.0
Swarzędz - 09 kwietnia 2024,2,979500.0
Rybno - 09 kwietnia 2024,2,257000.0
Sycowa Huta - Odświeżono dnia 07 kwietnia 2024,2,
Suwałki - Odświeżono dnia 08 kwietnia 2024,2,
Giżycko - Odświeżono dnia 09 kwietnia 2024,2,
Augustowo - 09 kwietnia 2024,2,590000.0
Starowa Góra - Odświeżono Dzisiaj o 01:48,2,670000.0
Mielec - 09 kwietnia 2024,2,
Gliwice - 04 kwietnia 2024,2,419000.0
Sulejówek - Odświeżono dnia 09 kwietnia 2024,2,
Ustka - 09 kwietnia 2024,2,899000.0
Ustka - Odświeżono dnia 08 kwietnia 2024,2,249000.0
Michałowice - 09 kwietnia 2024,2,799000.0
Kołaczkowo - Odświeżono Dzisiaj o 00:00,2,
Kozły - Odświeżono dnia 08 kwietnia 2024,2,648000.0
Kędzierzyn-Koźle - Odświeżono dnia 09 kwietnia 2024,2,265000.0
"Kraków, Dębniki - Odświeżono Dzisiaj o 01:30",2,
"Jelenia Góra, Cieplice Śląskie-Zdrój - 22 marca 2024",2,
"Szczecin, Centrum - Odświeżono dnia 08 kwietnia 2024",2,399000.0
"Gliwice, Ostropa - 09 kwietnia 2024",2,850000.0
"Kraków, Grzegórzki - 09 kwietnia 2024",2,2459625.0
Koszalin - Odświeżono dnia 09 kwietnia 2024,2,245000.0
Stary Dzików - 09 kwietnia 2024,2,
Bestwinka - Odświeżono dnia 08 kwietnia 2024,2,
Tereszpol-Zygmunty - Odświeżono dnia 09 kwietnia 2024,2,180000.0
"Katowice, Kostuchna - 09 kwietnia 2024",2,1599000.0
Tarnowskie Góry - 09 kwietnia 2024,2,600000.0
"Warszawa, Ursus - 09 kwietnia 2024",2,641000.0
"Warszawa, Targówek - Odświeżono dnia 09 kwietnia 2024",2,958000.0
Żuki - Odświeżono dnia 07 kwietnia 2024,2,
"Kraków, Zwierzyniec - 09 kwietnia 2024",2,824500.0
Skierniewice - Odświeżono dnia 09 kwietnia 2024,2,825500.0
Piotrków Trybunalski - Odświeżono dnia 09 kwietnia 2024,2,
Tomaszów Mazowiecki - Odświeżono dnia 09 kwietnia 2024,2,600000.0
Leszno - Odświeżono dnia 09 kwietnia 2024,2,384000.0
Krotoszyn - 09 kwietnia 2024,2,195000.0
Leoncin - Odświeżono dnia 07 kwietnia 2024,2,
Iława - 09 kwietnia 2024,2,629000.0
"Warszawa, Śródmieście - Odświeżono Dzisiaj o 00:31",2,2495000.0
Jarosław - 09 kwietnia 2024,2,259000.0
Sobolewo - Odświeżono dnia 08 kwietnia 2024,2,
Iława - Odświeżono dnia 09 kwietnia 2024,2,676000.0
Sobótka - Odświeżono dnia 09 kwietnia 2024,2,
Staszów - Odświeżono dnia 08 kwietnia 2024,2,303281.0
Janczewo - 29 marca 2024,2,459000.0
Jankowice - 09 kwietnia 2024,2,659000.0
Jankowice - Odświeżono dnia 09 kwietnia 2024,2,
Krosno - Odświeżono dnia 09 kwietnia 2024,2,155000.0
Sokołów Podlaski - 09 kwietnia 2024,2,1000000.0
Krasnystaw - 09 kwietnia 2024,2,245000.0
Skawina - 09 kwietnia 2024,2,815685.5
Kielce - Odświeżono dnia 08 kwietnia 2024,2,
"Warszawa, Ursynów - 09 kwietnia 2024",2,1149500.0
Górowo Iławeckie - 09 kwietnia 2024,2,
Kartuzy - Odświeżono dnia 09 kwietnia 2024,2,319000.0
Bałamątek - Odświeżono dnia 09 kwietnia 2024,2,
"Kraków, Podgórze - Odświeżono dnia 09 kwietnia 2024",2,1025486.0
"Kraków, Podgórze Duchackie - 09 kwietnia 2024",2,829000.0
Żory - 09 kwietnia 2024,2,420000.0
Kobylnica - 09 kwietnia 2024,2,679000.0
Żarowo - 09 kwietnia 2024,2,550000.0
Lubawa - 09 kwietnia 2024,2,347000.0
Sławno - 09 kwietnia 2024,2,642000.0
Gryfice - 09 kwietnia 2024,2,235000.0
"Kraków, Prądnik Biały - 06 kwietnia 2024",2,
"Kraków, Prądnik Biały - 09 kwietnia 2024",2,943200.0
Antoniówka - 09 kwietnia 2024,2,504500.0
Żnin - 09 kwietnia 2024,2,318000.0
Tychy - 02 kwietnia 2024,2,489900.0
Stary Widzim - 09 kwietnia 2024,2,
Jaryszki - Odświeżono dnia 09 kwietnia 2024,2,649000.0
"Warszawa, Ursynów - Odświeżono dnia 09 kwietnia 2024",2,645000.0
Góra Kalwaria - 09 kwietnia 2024,2,822828.5
Lipno - Odświeżono dnia 09 kwietnia 2024,2,750000.0
Katowice - Odświeżono dnia 07 kwietnia 2024,2,649000.0
Katowice - Odświeżono dnia 09 kwietnia 2024,2,885000.0
"Kraków, Wzgórza Krzesławickie - Odświeżono dnia 09 kwietnia 2024",2,339000.0
"Warszawa, Wawer - Odświeżono dnia 07 kwietnia 2024",2,3120000.0
Wolin - Odświeżono dnia 08 kwietnia 2024,2,
"Gdynia, Oksywie - 09 kwietnia 2024",2,679500.0
Raszyn - 09 kwietnia 2024,2,
Niepołomice - Odświeżono dnia 09 kwietnia 2024,2,1140000.0
Radom - Odświeżono dnia 07 kwietnia 2024,2,
Zawada - Odświeżono dnia 09 kwietnia 2024,2,98600.0
Radwanice - 09 kwietnia 2024,2,674500.0
Bytom - Odświeżono dnia 09 kwietnia 2024,2,
Przeworsk - Odświeżono Dzisiaj o 01:43,2,370000.0
Deszczno - Odświeżono dnia 09 kwietnia 2024,2,
Zamość - 09 kwietnia 2024,2,1150000.0
Radzyń Podlaski - 09 kwietnia 2024,2,355000.0
Dobrzyniewo Duże - 28 marca 2024,2,870000.0
Nadolice Wielkie - 09 kwietnia 2024,2,764000.0
Opole - Odświeżono Dzisiaj o 00:00,2,260010.0
Zabrze - Odświeżono Dzisiaj o 01:05,2,699000.0
Przykory - Odświeżono dnia 07 kwietnia 2024,2,509000.0
Dywity - 09 kwietnia 2024,2,579000.0
Zabrze - Odświeżono Dzisiaj o 00:13,2,936000.0
"Łódź, Bałuty - Odświeżono Dzisiaj o 02:33",2,195000.0
"Poznań, Grunwald - Odświeżono dnia 08 kwietnia 2024",2,335700.0
Osielsko - 09 kwietnia 2024,2,1217500.0
Rogoźnik - Odświeżono Dzisiaj o 00:24,2,500000.0
Osielsko - Odświeżono dnia 09 kwietnia 2024,2,
Mrągowo - 09 kwietnia 2024,2,310000.0
Mrzezino - Odświeżono dnia 08 kwietnia 2024,2,650000.0
Brodnica - Odświeżono dnia 09 kwietnia 2024,2,371915.0
Braniewo - 09 kwietnia 2024,2,308000.0
Wąbrzeźno - 09 kwietnia 2024,2,214500.0
Łomianki - 09 kwietnia 2024,2,2205000.0
Łazy - 09 kwietnia 2024,2,349000.0
Dębnica Kaszubska - 09 kwietnia 2024,2,469000.0
Ocięte - Odświeżono dnia 08 kwietnia 2024,2,880000.0
Nowy Sącz - Odświeżono dnia 09 kwietnia 2024,2,699000.0
Chrzanów - 09 kwietnia 2024,2,399000.0
Chrzanów - Odświeżono dnia 09 kwietnia 2024,2,767500.0
Złocieniec - 14 marca 2024,2,599000.0
Chróścice - Odświeżono dnia 09 kwietnia 2024,2,
Pyskowice - Odświeżono dnia 08 kwietnia 2024,2,374000.0
Zwięczyca - Odświeżono dnia 09 kwietnia 2024,2,
Pyskowice - Dzisiaj o 01:06,2,350000.0
Chojnice - Odświeżono dnia 08 kwietnia 2024,2,456000.0
Ciechanów - Odświeżono dnia 09 kwietnia 2024,2,
Nowy Dwór Mazowiecki - 09 kwietnia 2024,2,646192.5
Zielona Góra - Odświeżono dnia 09 kwietnia 2024,2,329000.0
Ocypel - Dzisiaj o 02:42,2,399000.0
Nochowo - 09 kwietnia 2024,2,559500.0
Nowe Oborzyska - 09 kwietnia 2024,2,569326.0
"Wrocław, Krzyki - Odświeżono dnia 07 kwietnia 2024",2,649000.0
Nowe Miasto Lubawskie - Odświeżono dnia 09 kwietnia 2024,2,
Czechowice-Dziedzice - 09 kwietnia 2024,2,464500.0
Czechowice-Dziedzice - Odświeżono dnia 09 kwietnia 2024,2,249700.0
Czeladź - 09 kwietnia 2024,2,849500.0
Czersk - 09 kwietnia 2024,2,1090000.0
Łaszewo - Odświeżono dnia 09 kwietnia 2024,2,
"Łaziska Górne, Kieszki - Odświeżono dnia 09 kwietnia 2024",2,
Chełm - Odświeżono dnia 09 kwietnia 2024,2,475000.0
Nowa Iwiczna - Odświeżono dnia 09 kwietnia 2024,2,
Nochowo - Odświeżono dnia 09 kwietnia 2024,2,
"Łódź, Górna - Odświeżono dnia 09 kwietnia 2024",2,439000.0
Działdowo - Odświeżono dnia 07 kwietnia 2024,2,198000.0
Morąg - 09 kwietnia 2024,2,629000.0
Florczaki - Odświeżono dnia 09 kwietnia 2024,2,
Boguszów-Gorce - 09 kwietnia 2024,2,87900.0
Gajewo - Odświeżono dnia 09 kwietnia 2024,2,
Bogaczewo - 09 kwietnia 2024,2,
Bierdzany - Odświeżono dnia 09 kwietnia 2024,2,260000.0
Września - 09 kwietnia 2024,2,469000.0
Gdańsk - Odświeżono dnia 08 kwietnia 2024,2,674950.0
Świętochłowice - 15 marca 2024,2,369000.0
"Gdańsk, Chełm z dzielnicą Gdańsk Południe - Odświeżono dnia 09 kwietnia 2024",2,389000.0
"Gdańsk, Jasień - 09 kwietnia 2024",2,514500.0
Września - 02 kwietnia 2024,2,1100000.0
Bielsko-Biała - Odświeżono dnia 08 kwietnia 2024,2,617000.0
Oława - 09 kwietnia 2024,2,770000.0
"Poznań, Piątkowo - Odświeżono dnia 09 kwietnia 2024",2,690000.0
Świdnik - 09 kwietnia 2024,2,1490000.0
Bielsko-Biała - 03 kwietnia 2024,2,573216.0
"Poznań, Piątkowo - 08 kwietnia 2024",2,955000.0
Bielsk - Odświeżono dnia 09 kwietnia 2024,2,870000.0
Miłoradzice - Odświeżono dnia 08 kwietnia 2024,2,
Międzyświeć - Odświeżono dnia 09 kwietnia 2024,2,
Bielawa - Odświeżono dnia 07 kwietnia 2024,2,
"Gdańsk, Śródmieście - 09 kwietnia 2024",2,567800.0
"Wrocław, Psie Pole - Odświeżono dnia 09 kwietnia 2024",2,1310000.0
"Poznań, Naramowice - 09 kwietnia 2024",2,926485.0
Gdynia - 09 kwietnia 2024,2,612500.0
"Poznań, Jeżyce - Odświeżono dnia 09 kwietnia 2024",2,650000.0
Ścinawa - 24 marca 2024,2,145000.0
Pakość - Odświeżono dnia 09 kwietnia 2024,2,920000.0
Rożnów - 09 kwietnia 2024,2,2034500.0
"Łódź, Śródmieście - Odświeżono dnia 09 kwietnia 2024",2,482000.0
Mokry Dwór - Odświeżono dnia 09 kwietnia 2024,2,
Falenty Nowe - Odświeżono dnia 09 kwietnia 2024,2,679000.0
Ełk - Odświeżono dnia 09 kwietnia 2024,2,824500.0
Długołęka - 09 kwietnia 2024,2,1604999.5
Borkowo Kościelne - 09 kwietnia 2024,2,955000.0
Wyszków - Odświeżono dnia 09 kwietnia 2024,2,
Morąg - 06 kwietnia 2024,2,
"Łódź, Widzew - Odświeżono dnia 08 kwietnia 2024",2,395470.5
"Łódź, Widzew - Odświeżono dnia 03 kwietnia 2024",2,
"Poznań, Stare Miasto - Odświeżono dnia 09 kwietnia 2024",1,
Puszczykowo - 09 kwietnia 2024,1,1420000.0
Strumień - 09 kwietnia 2024,1,569000.0
Stary Pilczyn - Odświeżono Dzisiaj o 00:35,1,550000.0
Suwałki - 09 kwietnia 2024,1,
Strzebielino - Odświeżono dnia 07 kwietnia 2024,1,100000.0
"Poznań, Wilda - Odświeżono Dzisiaj o 00:15",1,318500.0
Strzegom - Odświeżono dnia 09 kwietnia 2024,1,340000.0
"Poznań, Rataje - 09 kwietnia 2024",1,1095000.0
Strzelin - 09 kwietnia 2024,1,289000.0
Puławy - Odświeżono dnia 08 kwietnia 2024,1,260900.0
Stary Las - 09 kwietnia 2024,1,120000.0
"Poznań, Naramowice - Odświeżono dnia 09 kwietnia 2024",1,899000.0
"Poznań, Wilda - Odświeżono dnia 09 kwietnia 2024",1,1299000.0
Straszyn - Odświeżono dnia 09 kwietnia 2024,1,769000.0
Stary Kostrzynek - 09 kwietnia 2024,1,180000.0
Pyskowice - Dzisiaj o 05:56,1,
Studzianki - 09 kwietnia 2024,1,879000.0
Strzyżów - Odświeżono dnia 09 kwietnia 2024,1,
"Poznań, Jeżyce - Odświeżono dnia 07 kwietnia 2024",1,1299000.0
Police - 09 kwietnia 2024,1,499000.0
"Poznań, Grunwald - Odświeżono dnia 09 kwietnia 2024",1,
Starkówek - 28 marca 2024,1,1460000.0
Starogard Gdański - 04 kwietnia 2024,1,365000.0
Starogard Gdański - Odświeżono dnia 07 kwietnia 2024,1,519000.0
"Poznań, Łazarz - Odświeżono dnia 09 kwietnia 2024",1,
Starogard Gdański - Odświeżono dnia 09 kwietnia 2024,1,419000.0
Strzygi - 09 kwietnia 2024,1,380000.0
Pyskowice - 21 marca 2024,1,249000.0
Pyrzyce - 09 kwietnia 2024,1,525000.0
Suwałki - Dzisiaj o 00:31,1,
Pułtusk - 09 kwietnia 2024,1,267000.0
Pustkowie Gęzyńskie - Odświeżono dnia 09 kwietnia 2024,1,950000.0
Suchy Las - 09 kwietnia 2024,1,2150000.0
Stromiec - Odświeżono Dzisiaj o 01:09,1,599000.0
Pszczyna - Odświeżono dnia 09 kwietnia 2024,1,839000.0
Stobierna - 09 kwietnia 2024,1,3075000.0
Przeworsk - 09 kwietnia 2024,1,499000.0
Przemęt - 09 kwietnia 2024,1,1500000.0
"Poznań, Stare Miasto - Odświeżono dnia 07 kwietnia 2024",1,389000.0
Przemków - 09 kwietnia 2024,1,849000.0
"Poznań, Dębiec - 09 kwietnia 2024",1,167760.0
Suchedniów - 09 kwietnia 2024,1,449000.0
Przeginia Duchowna - 09 kwietnia 2024,1,790000.0
Polkowice - 09 kwietnia 2024,1,279000.0
Pogorzela - 09 kwietnia 2024,1,515000.0
Studzienice - Odświeżono dnia 09 kwietnia 2024,1,
Stoszyce - 09 kwietnia 2024,1,1650000.0
"Poznań, Górczyn - Odświeżono dnia 09 kwietnia 2024",1,550000.0
Przecław - Odświeżono dnia 09 kwietnia 2024,1,820000.0
Polanica-Zdrój - 09 kwietnia 2024,1,
Strachocin - 04 kwietnia 2024,1,
Straszyn - Odświeżono Dzisiaj o 01:53,1,769000.0
Studziany Las - Odświeżono dnia 09 kwietnia 2024,1,
"Poznań, Stare Miasto - 09 kwietnia 2024",1,425000.0
Pruszków - 09 kwietnia 2024,1,689000.0
Przasnysz - 09 kwietnia 2024,1,
Przewóz - Odświeżono dnia 08 kwietnia 2024,1,
"Poznań, Śródka - 09 kwietnia 2024",1,399000.0
Psarskie - Odświeżono dnia 07 kwietnia 2024,1,459000.0
Przyłogi - 09 kwietnia 2024,1,760000.0
Starzykowo - Odświeżono dnia 09 kwietnia 2024,1,960000.0
Prabuty - 09 kwietnia 2024,1,
Przygłów - 09 kwietnia 2024,1,
Przybrodzin - Odświeżono dnia 09 kwietnia 2024,1,
Pruchnik - 09 kwietnia 2024,1,829000.0
Suchodoły - 09 kwietnia 2024,1,
Stasi Las - Odświeżono dnia 09 kwietnia 2024,1,1350000.0
Staszów - 09 kwietnia 2024,1,259000.0
"Poznań, Rataje - Odświeżono dnia 08 kwietnia 2024",1,545000.0
Przyborów - 09 kwietnia 2024,1,
"Poznań, Winiary - Odświeżono dnia 09 kwietnia 2024",1,440000.0
Przeździecko-Mroczki - 01 kwietnia 2024,1,680000.0
Stawiszyn - 09 kwietnia 2024,1,899000.0
Pruszcz Gdański - Odświeżono dnia 09 kwietnia 2024,1,389000.0
Stargard - Odświeżono dnia 08 kwietnia 2024,1,350000.0
"Sopot, Centrum - Odświeżono Dzisiaj o 00:49",1,399000.0
Pyskowice - Odświeżono dnia 09 kwietnia 2024,1,
Ropczyce - 09 kwietnia 2024,1,749000.0
Sawice-Bronisze - 09 kwietnia 2024,1,170000.0
Serock - 09 kwietnia 2024,1,700000.0
Rożnowo - 09 kwietnia 2024,1,879000.0
Sicienko - 09 kwietnia 2024,1,
Siedlce - 07 kwietnia 2024,1,
Rożki-Kolonia - 08 kwietnia 2024,1,330000.0
Siedlec Mały - 09 kwietnia 2024,1,825000.0
Siemianowice Śląskie - 16 marca 2024,1,299000.0
Siemiatycze - 09 kwietnia 2024,1,960000.0
Sieradz - 06 kwietnia 2024,1,855000.0
Rożki - 09 kwietnia 2024,1,145000.0
Rostarzewo - Odświeżono dnia 09 kwietnia 2024,1,470000.0
Sieradz - 09 kwietnia 2024,1,
Ruciane-Nida - Dzisiaj o 00:29,1,349000.0
Rokitki - Dzisiaj o 04:23,1,560000.0
Rogów Sobócki - 09 kwietnia 2024,1,650000.0
Rogoźno - 09 kwietnia 2024,1,
Poznań - Odświeżono Dzisiaj o 00:00,1,425000.0
Sierosław - 23 marca 2024,1,
Reszki - Odświeżono dnia 09 kwietnia 2024,1,
Sierpc - 09 kwietnia 2024,1,390000.0
Rentyny - Odświeżono dnia 09 kwietnia 2024,1,480000.0
Rentyny - 09 kwietnia 2024,1,699000.0
Siewierz - 09 kwietnia 2024,1,385161.0
Rejowiec - 05 kwietnia 2024,1,
Reda - 09 kwietnia 2024,1,
Sarbinowo - 09 kwietnia 2024,1,
Sanok - Odświeżono Dzisiaj o 07:28,1,
Stara Wieś - Odświeżono dnia 09 kwietnia 2024,1,320000.0
"Poznań, Jeżyce - 09 kwietnia 2024",1,759000.0
Poręba - Dzisiaj o 01:12,1,400000.0
Rybna - 09 kwietnia 2024,1,790000.0
Ryczów - Dzisiaj o 01:11,1,300000.0
Rydzyna - 09 kwietnia 2024,1,499000.0
Ryn - 09 kwietnia 2024,1,480000.0
Rybarzowice - Odświeżono dnia 09 kwietnia 2024,1,625000.0
Rumianek - Odświeżono dnia 09 kwietnia 2024,1,650000.0
Ruja - 09 kwietnia 2024,1,189000.0
Rudzica - 09 kwietnia 2024,1,539000.0
Rudnik - 09 kwietnia 2024,1,
Rynia - 30 marca 2024,1,890000.0
Rypin - 09 kwietnia 2024,1,590000.0
Rzepotowice - 09 kwietnia 2024,1,890000.0
Sanok - Odświeżono Dzisiaj o 05:28,1,
Porąbka - Dzisiaj o 01:05,1,430000.0
Rzeszów - Odświeżono Dzisiaj o 00:32,1,
Rąbień AB - 08 kwietnia 2024,1,
Rąbień AB - 09 kwietnia 2024,1,850000.0
Rączyna - Odświeżono dnia 09 kwietnia 2024,1,230000.0
Ruda Śląska - Dzisiaj o 03:21,1,
Rębiechowo - 09 kwietnia 2024,1,1750000.0
Ruda Śląska - 19 marca 2024,1,362000.0
Ruda Śląska - 18 marca 2024,1,195000.0
Samborowo - 09 kwietnia 2024,1,1290000.0
Sandomierz - Odświeżono dnia 08 kwietnia 2024,1,
Ruda - 09 kwietnia 2024,1,1340000.0
Skalin - 09 kwietnia 2024,1,799000.0
Reblino - 09 kwietnia 2024,1,799000.0
Popów - Odświeżono dnia 09 kwietnia 2024,1,
Sosnowiec - Odświeżono dnia 09 kwietnia 2024,1,258000.0
Polkowice - Odświeżono dnia 09 kwietnia 2024,1,315000.0
Solec Kujawski - 09 kwietnia 2024,1,
Płoty - Odświeżono dnia 09 kwietnia 2024,1,1350000.0
Płock - Odświeżono dnia 08 kwietnia 2024,1,
Płock - Odświeżono Dzisiaj o 00:02,1,312000.0
Solec Kujawski - Odświeżono dnia 09 kwietnia 2024,1,750000.0
Płock - 09 kwietnia 2024,1,
Płock - 07 kwietnia 2024,1,
"Poznań, Chartowo - 09 kwietnia 2024",1,618000.0
"Sopot, Górny Sopot - Odświeżono dnia 09 kwietnia 2024",1,700000.0
Pławna - 26 marca 2024,1,499000.0
Sosnowiec - Odświeżono Dzisiaj o 04:44,1,
Sosnówko - Odświeżono dnia 09 kwietnia 2024,1,
Rawicz - Odświeżono dnia 09 kwietnia 2024,1,599000.0
Pęzino - 09 kwietnia 2024,1,
Sołtyków - 09 kwietnia 2024,1,669000.0
Pępowo - Dzisiaj o 00:19,1,899000.0
Spalice - 09 kwietnia 2024,1,
Srogów Górny - Odświeżono dnia 09 kwietnia 2024,1,
Pępowo - 09 kwietnia 2024,1,1029000.0
Stalowa Wola - 09 kwietnia 2024,1,
Stalowa Wola - Odświeżono dnia 07 kwietnia 2024,1,599000.0
Stanisławice - Dzisiaj o 01:09,1,400000.0
Pączkowo - Odświeżono dnia 09 kwietnia 2024,1,280000.0
Stanisławowo - Odświeżono Dzisiaj o 03:33,1,
Stara Iwiczna - Odświeżono dnia 09 kwietnia 2024,1,700000.0
Sokola - 09 kwietnia 2024,1,
Rabka-Zdrój - Odświeżono Dzisiaj o 01:08,1,
Racibórz - 09 kwietnia 2024,1,597000.0
Racibórz - Dzisiaj o 04:57,1,220000.0
Skarszewo - 09 kwietnia 2024,1,1100000.0
Skarszewy - Odświeżono dnia 09 kwietnia 2024,1,519000.0
Raszyn - Odświeżono dnia 09 kwietnia 2024,1,1780000.0
Raków - 09 kwietnia 2024,1,
Rakszawa - 09 kwietnia 2024,1,390000.0
Skawina - Odświeżono dnia 08 kwietnia 2024,1,
Skawina - Odświeżono dnia 09 kwietnia 2024,1,470000.0
Rajec Szlachecki - Odświeżono dnia 09 kwietnia 2024,1,720000.0
Skomielna Czarna - 09 kwietnia 2024,1,285000.0
Skwierzyna - 09 kwietnia 2024,1,420000.0
Skórzec - 09 kwietnia 2024,1,1290000.0
Poniatowa - 09 kwietnia 2024,1,1200000.0
Radzyny - 09 kwietnia 2024,1,499000.0
Poniatowa - 08 kwietnia 2024,1,
Radzymin - 09 kwietnia 2024,1,
Sobienie Szlacheckie - 09 kwietnia 2024,1,660000.0
Radzimowice - 09 kwietnia 2024,1,1749000.0
Radomsko - 21 marca 2024,1,
Sobolewo - 09 kwietnia 2024,1,1090000.0
Radom - Odświeżono dnia 08 kwietnia 2024,1,779000.0
Sobótka - 09 kwietnia 2024,1,850000.0
Poznań - Odświeżono dnia 09 kwietnia 2024,1,739000.0
Racławówka - 09 kwietnia 2024,1,1280000.0
Sochaczew - 09 kwietnia 2024,1,317000.0
Poniatowa - 04 kwietnia 2024,1,
Adamowo - 07 kwietnia 2024,1,220000.0
Unieście - Odświeżono dnia 08 kwietnia 2024,1,
Sypniewo - 09 kwietnia 2024,1,489000.0
Zawiercie - Dzisiaj o 01:10,1,310000.0
Zaścianki - 09 kwietnia 2024,1,550000.0
Załęcze Małe - 09 kwietnia 2024,1,400000.0
Załom - 09 kwietnia 2024,1,853000.0
Zawoja - Odświeżono dnia 08 kwietnia 2024,1,1350000.0
Zawoja - 16 marca 2024,1,
Zawoja - 09 kwietnia 2024,1,2765000.0
"Zawiercie, Centrum - 09 kwietnia 2024",1,345000.0
Zawiercie - Dzisiaj o 01:12,1,240000.0
Zawiercie - Dzisiaj o 01:05,1,850000.0
Złoty Stok - 09 kwietnia 2024,1,278000.0
Zawada - 09 kwietnia 2024,1,1750000.0
Zator - 09 kwietnia 2024,1,720000.0
Zastruże - 09 kwietnia 2024,1,196000.0
Zarzysko - Odświeżono dnia 02 kwietnia 2024,1,
Zamość - Odświeżono dnia 09 kwietnia 2024,1,
Zambrów - 09 kwietnia 2024,1,
Zaleskie - Odświeżono dnia 09 kwietnia 2024,1,199000.0
Zalasewo - 09 kwietnia 2024,1,
Zażelazna - Odświeżono dnia 09 kwietnia 2024,1,1190000.0
Zbiersk - Odświeżono dnia 09 kwietnia 2024,1,1190000.0
Zblewo - 09 kwietnia 2024,1,1690000.0
Zblewo - Dzisiaj o 00:21,1,260000.0
Złotokłos - 09 kwietnia 2024,1,1299000.0
Złotniki Kujawskie - 09 kwietnia 2024,1,679000.0
Złocieniec - 09 kwietnia 2024,1,670000.0
Zławieś Mała - Odświeżono dnia 08 kwietnia 2024,1,998000.0
Zławieś Mała - 09 kwietnia 2024,1,895000.0
Ząbki - 22 marca 2024,1,
Zwierzyniec Trzeci - 09 kwietnia 2024,1,189000.0
Zubowice-Kolonia - Dzisiaj o 07:19,1,350000.0
Zielonki - 31 marca 2024,1,
Zielona Góra - Odświeżono Dzisiaj o 00:15,1,
Zielona Góra - 21 marca 2024,1,
Zgorzelec - Odświeżono dnia 09 kwietnia 2024,1,
Zgorzelec - 30 marca 2024,1,
Zgorzała - 09 kwietnia 2024,1,1450000.0
Zdziar Wielki - Odświeżono dnia 09 kwietnia 2024,1,209000.0
Zbytków - Odświeżono dnia 09 kwietnia 2024,1,760000.0
Zblewo - Odświeżono dnia 09 kwietnia 2024,1,519000.0
Zakrzewo - 30 marca 2024,1,
Zakrzewo - 09 kwietnia 2024,1,
Zakopane - 24 marca 2024,1,750000.0
Wójtowo - 09 kwietnia 2024,1,499000.0
Wyszków - Dzisiaj o 00:23,1,
Wyszków - 09 kwietnia 2024,1,629000.0
Wyszatyce - Odświeżono dnia 09 kwietnia 2024,1,460000.0
Wyszatyce - 09 kwietnia 2024,1,460000.0
Wysokie Koło - Dzisiaj o 06:17,1,
Wysoka Strzyżowska - Odświeżono dnia 09 kwietnia 2024,1,
Wyrazów - 09 kwietnia 2024,1,359000.0
Wymysłowo - 09 kwietnia 2024,1,895000.0
Wschowa - 09 kwietnia 2024,1,189000.0
Wręczyca Wielka - 09 kwietnia 2024,1,380000.0
Wręczyca Wielka - 07 kwietnia 2024,1,1190000.0
Wronki - 09 kwietnia 2024,1,147000.0
Wronin - 09 kwietnia 2024,1,
"Wrocław, Śródmieście - Odświeżono dnia 08 kwietnia 2024",1,961000.0
"Wrocław, Śródmieście - Odświeżono dnia 07 kwietnia 2024",1,1265000.0
"Wrocław, Śródmieście - Dzisiaj o 05:26",1,523000.0
"Wrocław, Śródmieście - Dzisiaj o 00:10",1,865000.0
Wyszyna Fałkowska - 09 kwietnia 2024,1,
Wójtowo - Odświeżono dnia 09 kwietnia 2024,1,950000.0
Zakopane - 09 kwietnia 2024,1,3399000.0
Wólka Kozodawska - Odświeżono dnia 09 kwietnia 2024,1,825000.0
Zagościniec - 09 kwietnia 2024,1,1569000.0
Zagnańsk - 25 marca 2024,1,169999.0
Zabrzeg - 09 kwietnia 2024,1,500000.0
Zabierzów Bocheński - 09 kwietnia 2024,1,650000.0
Włynkówko - 09 kwietnia 2024,1,799000.0
Włynkowo - Odświeżono dnia 08 kwietnia 2024,1,800000.0
Włoszczowa - Odświeżono dnia 09 kwietnia 2024,1,
Włoszakowice - 09 kwietnia 2024,1,299000.0
Włocławek - Odświeżono dnia 09 kwietnia 2024,1,
Włocławek - Odświeżono dnia 08 kwietnia 2024,1,369700.0
Włocławek - Odświeżono Dzisiaj o 00:38,1,298000.0
Władysławowo - 20 marca 2024,1,4900000.0
Węgorzewo - 09 kwietnia 2024,1,595000.0
Węgierska Górka - 09 kwietnia 2024,1,
Wąwolnica - Odświeżono dnia 09 kwietnia 2024,1,
Wąwelno - Dzisiaj o 05:40,1,570000.0
Wągrowiec - 07 kwietnia 2024,1,193000.0
Złotoryja - Odświeżono dnia 09 kwietnia 2024,1,483000.0
Złotów - 09 kwietnia 2024,1,
Szadek - 09 kwietnia 2024,1,
Łęczna - Odświeżono dnia 09 kwietnia 2024,1,
Świebodzice - 09 kwietnia 2024,1,730000.0
Świdwin - 09 kwietnia 2024,1,120000.0
Świdnik - Odświeżono dnia 08 kwietnia 2024,1,297000.0
Środa Wielkopolska - 09 kwietnia 2024,1,565000.0
Śmigiel - Dzisiaj o 07:20,1,569000.0
Ścinawa - 09 kwietnia 2024,1,180000.0
Ściejowice - 09 kwietnia 2024,1,950000.0
Łęknica - 09 kwietnia 2024,1,680000.0
Łąkorz - Odświeżono dnia 09 kwietnia 2024,1,
Ćmachowo - Odświeżono dnia 09 kwietnia 2024,1,320000.0
Łąka - 09 kwietnia 2024,1,390000.0
Łącko - 09 kwietnia 2024,1,1699000.0
Łąck - Odświeżono dnia 09 kwietnia 2024,1,387000.0
Łózki - Odświeżono dnia 09 kwietnia 2024,1,310000.0
Łózki - 09 kwietnia 2024,1,
"Łódź, Śródmieście - Odświeżono dnia 08 kwietnia 2024",1,445000.0
"Łódź, Śródmieście - Dzisiaj o 05:21",1,
"Łódź, Śródmieście - 09 kwietnia 2024",1,445700.0
Świecie - 09 kwietnia 2024,1,
Świerzna - Odświeżono dnia 09 kwietnia 2024,1,
Świlcza - 09 kwietnia 2024,1,849000.0
Świniotop - 09 kwietnia 2024,1,1070000.0
Żydowo - 09 kwietnia 2024,1,770000.0
Żychlin - 24 marca 2024,1,
Żuromin - 09 kwietnia 2024,1,
Żory - Odświeżono dnia 08 kwietnia 2024,1,570000.0
Żory - Odświeżono Dzisiaj o 06:10,1,564000.0
Żmijowiec - 08 kwietnia 2024,1,
Żerniki Wrocławskie - 09 kwietnia 2024,1,2500000.0
Żernica - Odświeżono dnia 07 kwietnia 2024,1,
Żernica - 09 kwietnia 2024,1,569000.0
Żary - Odświeżono dnia 07 kwietnia 2024,1,
Żary - 09 kwietnia 2024,1,239000.0
Żabno - Odświeżono dnia 09 kwietnia 2024,1,
Żabice - 09 kwietnia 2024,1,345000.0
Świętochłowice - Odświeżono dnia 09 kwietnia 2024,1,195000.0
Świętochłowice - Dzisiaj o 02:15,1,749000.0
Świętochłowice - 09 kwietnia 2024,1,310000.0
Świnna Poręba - Odświeżono dnia 07 kwietnia 2024,1,1695000.0
"Łódź, Widzew - Dzisiaj o 03:43",1,420000.0
"Łódź, Widzew - 25 marca 2024",1,2900000.0
"Łódź, Widzew - 08 kwietnia 2024",1,610000.0
Łosiów - Odświeżono Dzisiaj o 05:19,1,150000.0
Łopatki - 09 kwietnia 2024,1,650000.0
Łomża - 09 kwietnia 2024,1,235000.0
Łomianki Dolne - 09 kwietnia 2024,1,5900000.0
Łomianki - Odświeżono dnia 08 kwietnia 2024,1,799000.0
Łomianki - Odświeżono Dzisiaj o 00:59,1,1690000.0
Łoje - Odświeżono dnia 07 kwietnia 2024,1,491000.0
Łodygowice - 09 kwietnia 2024,1,584000.0
Łochowo - Odświeżono dnia 09 kwietnia 2024,1,819000.0
Łochowo - 09 kwietnia 2024,1,125000.0
Łeba - Odświeżono dnia 09 kwietnia 2024,1,10000000.0
Łańcut - 09 kwietnia 2024,1,3500000.0
"Łaziska Górne, Łaziska-Centrum - 09 kwietnia 2024",1,
"Łaziska Górne, Łaziska Średnie - Odświeżono Dzisiaj o 00:16",1,
"Łaziska Górne, Łaziska Średnie - 09 kwietnia 2024",1,189000.0
Łask - Odświeżono dnia 09 kwietnia 2024,1,
Ładzyń - Dzisiaj o 07:27,1,850000.0
Łabiszyn - 09 kwietnia 2024,1,
Łopienie-Zyski - Odświeżono dnia 09 kwietnia 2024,1,
Łubianka - 09 kwietnia 2024,1,740000.0
"Łódź, Polesie - Odświeżono dnia 05 kwietnia 2024",1,525000.0
Łubna - 15 marca 2024,1,750000.0
"Łódź, Polesie - Odświeżono Dzisiaj o 03:15",1,385000.0
"Łódź, Górna - Odświeżono dnia 07 kwietnia 2024",1,639000.0
"Łódź, Górna - Odświeżono Dzisiaj o 00:09",1,525480.0
"Łódź, Górna - Dzisiaj o 00:26",1,
"Łódź, Górna - 11 marca 2024",1,686000.0
"Łódź, Bałuty - Dzisiaj o 07:11",1,1540000.0
"Łódź, Bałuty - Dzisiaj o 00:51",1,730000.0
"Łódź, Bałuty - Dzisiaj o 00:03",1,519000.0
Łódź - Odświeżono dnia 09 kwietnia 2024,1,679999.0
Łódź - Odświeżono dnia 08 kwietnia 2024,1,2450000.0
Łódź - 09 kwietnia 2024,1,310000.0
Łysiec - 09 kwietnia 2024,1,498000.0
Łyse - Odświeżono dnia 09 kwietnia 2024,1,699000.0
Łuszczów Pierwszy - 09 kwietnia 2024,1,1950000.0
Łupki - 09 kwietnia 2024,1,980000.0
Łukęcin - Dzisiaj o 01:44,1,1010500.0
Łukówiec - Odświeżono dnia 08 kwietnia 2024,1,
"Wrocław, Stare Miasto - Odświeżono dnia 08 kwietnia 2024",1,469000.0
"Wrocław, Stare Miasto - Dzisiaj o 05:27",1,619000.0
"Wrocław, Stare Miasto - 14 marca 2024",1,599000.0
Toruń - 22 lutego 2024,1,350000.0
Trzebciny - 09 kwietnia 2024,1,1300000.0
Trzcińsko-Zdrój - 09 kwietnia 2024,1,260000.0
Trzcianka - Dzisiaj o 00:13,1,260000.0
Trzcianka - 09 kwietnia 2024,1,380000.0
Toruń - Dzisiaj o 05:25,1,375000.0
Toruń - Dzisiaj o 01:15,1,415000.0
Toruń - Dzisiaj o 01:14,1,400000.0
Toruń - Dzisiaj o 01:13,1,399000.0
Toruń - 14 marca 2024,1,
"Wrocław, Krzyki - Odświeżono dnia 08 kwietnia 2024",1,1850000.0
Tomaszów Lubelski - Odświeżono dnia 09 kwietnia 2024,1,265000.0
Tomaszewo - Dzisiaj o 07:11,1,128000.0
Tokary - Odświeżono dnia 09 kwietnia 2024,1,730000.0
Teresin - 09 kwietnia 2024,1,
Tczew - Odświeżono dnia 09 kwietnia 2024,1,519000.0
Tarnówka - 09 kwietnia 2024,1,
Tarnów Jezierny - Dzisiaj o 00:42,1,623000.0
Tarnów - Odświeżono dnia 08 kwietnia 2024,1,395900.0
Tuchola - 09 kwietnia 2024,1,325000.0
Tuchola - Odświeżono dnia 07 kwietnia 2024,1,
Tuchom - Dzisiaj o 03:00,1,849000.0
Tulniki - 09 kwietnia 2024,1,
Warchały - 09 kwietnia 2024,1,470000.0
Walawa - Odświeżono dnia 09 kwietnia 2024,1,365000.0
Uście - 09 kwietnia 2024,1,499000.0
Ustroń - Odświeżono dnia 09 kwietnia 2024,1,
Ustroń - Dzisiaj o 04:03,1,890000.0
Ustroń - 03 kwietnia 2024,1,415000.0
Ustrobna - Odświeżono dnia 09 kwietnia 2024,1,
Ustka - 20 marca 2024,1,
Urbanowo - 09 kwietnia 2024,1,599000.0
Podolszyn Nowy - 09 kwietnia 2024,1,825000.0
Uniejów-Parcela - Odświeżono dnia 09 kwietnia 2024,1,270000.0
Ujście - 09 kwietnia 2024,1,13000.0
Uciechów - 09 kwietnia 2024,1,340000.0
Tąpkowice - Dzisiaj o 01:07,1,1200000.0
Twardogóra - 09 kwietnia 2024,1,790000.0
Tuszyn - Odświeżono dnia 07 kwietnia 2024,1,
Tur - 09 kwietnia 2024,1,599999.0
Tarnów - Odświeżono dnia 07 kwietnia 2024,1,360000.0
Tarnów - Odświeżono Dzisiaj o 00:51,1,300000.0
Tarnów - 08 kwietnia 2024,1,531000.0
Szczytna - 19 marca 2024,1,665000.0
Szczecinek - Odświeżono dnia 09 kwietnia 2024,1,
Szczecinek - 09 kwietnia 2024,1,279000.0
"Szczecin, Zdroje - Odświeżono dnia 08 kwietnia 2024",1,579000.0
"Szczecin, Pogodno - Dzisiaj o 07:03",1,899000.0
"Szczecin, Pogodno - 09 kwietnia 2024",1,1469000.0
"Szczecin, Niebuszewo - Odświeżono dnia 09 kwietnia 2024",1,485000.0
"Szczecin, Krzekowo - 09 kwietnia 2024",1,1350000.0
"Szczecin, Gumieńce - 09 kwietnia 2024",1,
"Szczecin, Dąbie - 09 kwietnia 2024",1,429000.0
"Szczecin, Centrum - Odświeżono Dzisiaj o 01:33",1,
"Szczecin, Centrum - Odświeżono Dzisiaj o 01:28",1,509000.0
"Szczecin, Centrum - 21 marca 2024",1,399000.0
Szczecin - 14 marca 2024,1,1199000.0
Szczecin - 12 marca 2024,1,495000.0
Szczaki - Odświeżono dnia 09 kwietnia 2024,1,139000.0
Szamotuły - 09 kwietnia 2024,1,849000.0
Szamocin - 09 kwietnia 2024,1,
Szczekarzewo - 09 kwietnia 2024,1,
Szczytnica - 09 kwietnia 2024,1,
Tarnowskie Góry - 10 marca 2024,1,419000.0
Szczytno - 09 kwietnia 2024,1,175000.0
Tarnowo Podgórne - Odświeżono dnia 08 kwietnia 2024,1,650000.0
Tarnobrzeg - Odświeżono dnia 09 kwietnia 2024,1,
Tanowo - Odświeżono Dzisiaj o 02:23,1,699000.0
Słupsk - Odświeżono dnia 09 kwietnia 2024,1,499000.0
Słupsk - 02 kwietnia 2024,1,429000.0
Słupno - Odświeżono dnia 09 kwietnia 2024,1,699000.0
Słup - Odświeżono dnia 09 kwietnia 2024,1,
Słońsko - 09 kwietnia 2024,1,425000.0
Słońsk - 09 kwietnia 2024,1,
Sędów - Odświeżono Dzisiaj o 00:39,1,
Sędziszów - Dzisiaj o 03:01,1,
Sęczkowo - 09 kwietnia 2024,1,125000.0
Sól - Dzisiaj o 01:11,1,390000.0
Szyszkowiec - 07 kwietnia 2024,1,
Szprotawa - Odświeżono dnia 09 kwietnia 2024,1,220000.0
Szerokopas - 09 kwietnia 2024,1,325000.0
Szeligi - Odświeżono dnia 08 kwietnia 2024,1,695000.0
Warszawa - 09 kwietnia 2024,1,1000480.0
"Warszawa, Bemowo - 15 marca 2024",1,
"Warszawa, Białołęka - Dzisiaj o 00:24",1,
Wojanów - 09 kwietnia 2024,1,920000.0
Witowice - 03 kwietnia 2024,1,
Witkowo - 09 kwietnia 2024,1,
Witaszyce - 09 kwietnia 2024,1,
Wiszniów - 09 kwietnia 2024,1,380000.0
Wilków - Odświeżono dnia 07 kwietnia 2024,1,499000.0
Wilkowice - 09 kwietnia 2024,1,595000.0
Wilkasy - 26 marca 2024,1,2100000.0
Wilczyce - 09 kwietnia 2024,1,798000.0
Wilcza Góra - Odświeżono Dzisiaj o 07:10,1,1599000.0
Wieszowa - Odświeżono dnia 08 kwietnia 2024,1,3000000.0
Wieszowa - 09 kwietnia 2024,1,549000.0
Wierzchucice - 09 kwietnia 2024,1,
Wierzchowisko - 09 kwietnia 2024,1,
Wieluń - 09 kwietnia 2024,1,420000.0
Wielowieś - 09 kwietnia 2024,1,
Wielka Wieś - Odświeżono dnia 09 kwietnia 2024,1,860000.0
Wieliczka - Odświeżono dnia 09 kwietnia 2024,1,
Wodzisław Śląski - 09 kwietnia 2024,1,279500.0
Wojnicz - 09 kwietnia 2024,1,299000.0
Widawa - 09 kwietnia 2024,1,
Wola Krobowska - 09 kwietnia 2024,1,650000.0
"Wrocław, Krzyki - Odświeżono Dzisiaj o 00:59",1,570000.0
"Wrocław, Krzyki - 22 marca 2024",1,899000.0
"Wrocław, Krzyki - 19 marca 2024",1,897000.0
"Wrocław, Krzyki - 02 kwietnia 2024",1,667800.0
"Wrocław, Fabryczna - Odświeżono dnia 09 kwietnia 2024",1,629000.0
"Wrocław, Fabryczna - Odświeżono dnia 07 kwietnia 2024",1,
"Wrocław, Fabryczna - Odświeżono Dzisiaj o 01:39",1,1025000.0
Wrocław - Odświeżono dnia 09 kwietnia 2024,1,800000.0
Wrocław - 03 kwietnia 2024,1,1100000.0
Wołów - Dzisiaj o 05:15,1,485000.0
Wołucza - Odświeżono dnia 07 kwietnia 2024,1,
Wołomin - Odświeżono dnia 09 kwietnia 2024,1,930000.0
Wołczkowo - 09 kwietnia 2024,1,739000.0
Wolska Dąbrowa - 09 kwietnia 2024,1,390000.0
Wolin - 09 kwietnia 2024,1,720000.0
Wolica - 09 kwietnia 2024,1,600000.0
Wola Pniewska - 09 kwietnia 2024,1,
Wieleń - Odświeżono dnia 09 kwietnia 2024,1,
Wejherowo - 09 kwietnia 2024,1,
"Warszawa, Bielany - 03 kwietnia 2024",1,110000.0
"Warszawa, Ursus - 15 marca 2024",1,
"Warszawa, Targówek - Dzisiaj o 03:39",1,930000.0
"Warszawa, Rembertów - Odświeżono dnia 09 kwietnia 2024",1,899000.0
"Warszawa, Praga-Północ - Odświeżono dnia 09 kwietnia 2024",1,1399099.0
"Warszawa, Praga-Południe - Odświeżono dnia 04 kwietnia 2024",1,
"Warszawa, Praga-Południe - Odświeżono Dzisiaj o 01:43",1,
"Warszawa, Praga-Południe - 28 marca 2024",1,799000.0
"Warszawa, Praga-Południe - 19 marca 2024",1,990000.0
"Warszawa, Ochota - Odświeżono Dzisiaj o 03:40",1,899999.0
"Warszawa, Ochota - Odświeżono Dzisiaj o 01:40",1,899999.0
"Warszawa, Ochota - Dzisiaj o 05:18",1,1900000.0
"Warszawa, Ochota - 09 kwietnia 2024",1,1700000.0
"Warszawa, Mokotów - Odświeżono dnia 02 kwietnia 2024",1,1280000.0
"Warszawa, Mokotów - Odświeżono Dzisiaj o 04:53",1,1083000.0
"Warszawa, Mokotów - Odświeżono Dzisiaj o 03:27",1,819000.0
"Warszawa, Mokotów - 31 marca 2024",1,499000.0
"Warszawa, Bielany - Odświeżono dnia 09 kwietnia 2024",1,695000.0
"Warszawa, Bielany - 20 marca 2024",1,759000.0
"Warszawa, Targówek - Dzisiaj o 05:25",1,660000.0
"Warszawa, Ursus - 23 marca 2024",1,
Wałcz - Odświeżono dnia 09 kwietnia 2024,1,1920000.0
"Warszawa, Ursus - Odświeżono Dzisiaj o 01:00",1,570000.0
Wałcz - 12 marca 2024,1,1800000.0
Wałbrzych - Odświeżono dnia 09 kwietnia 2024,1,
Wałbrzych - 09 kwietnia 2024,1,
"Warszawa, Żoliborz - Odświeżono dnia 09 kwietnia 2024",1,2050000.0
"Warszawa, Żoliborz - Odświeżono dnia 07 kwietnia 2024",1,1320000.0
"Warszawa, Śródmieście - Dzisiaj o 03:21",1,675000.0
"Warszawa, Śródmieście - 03 kwietnia 2024",1,1170000.0
"Warszawa, Włochy - Odświeżono dnia 07 kwietnia 2024",1,887000.0
"Warszawa, Włochy - Odświeżono Dzisiaj o 02:06",1,849000.0
"Warszawa, Włochy - 08 kwietnia 2024",1,1230000.0
"Warszawa, Wola - 31 marca 2024",1,899900.0
"Warszawa, Wesoła - Odświeżono dnia 09 kwietnia 2024",1,2590000.0
"Warszawa, Ursynów - Odświeżono dnia 08 kwietnia 2024",1,1450000.0
"Warszawa, Ursynów - Dzisiaj o 05:28",1,829000.0
"Warszawa, Ursynów - Dzisiaj o 00:28",1,1115000.0
"Warszawa, Ursynów - Dzisiaj o 00:05",1,719000.0
"Warszawa, Ursus - Odświeżono dnia 09 kwietnia 2024",1,590000.0
Podrzecze - 09 kwietnia 2024,1,
Nowa Dęba - Odświeżono dnia 08 kwietnia 2024,1,500000.0
Pobierowo - 09 kwietnia 2024,1,
"Gliwice, Sośnica - Odświeżono dnia 07 kwietnia 2024",1,699000.0
"Gliwice, Ligota Zabrska - 09 kwietnia 2024",1,450000.0
"Gliwice, Czechowice - Odświeżono Dzisiaj o 00:15",1,549000.0
"Gliwice, Bojków - Odświeżono dnia 09 kwietnia 2024",1,860000.0
Gliwice - Odświeżono Dzisiaj o 00:15,1,454000.0
Gliwice - 09 kwietnia 2024,1,1349000.0
Glinnik - 04 kwietnia 2024,1,
Glinki Suche - Odświeżono dnia 09 kwietnia 2024,1,230000.0
Glinik - 09 kwietnia 2024,1,409000.0
Giżycko - 18 marca 2024,1,
Giżycko - 09 kwietnia 2024,1,
"Gdynia, Śródmieście - Odświeżono dnia 09 kwietnia 2024",1,759000.0
"Gdynia, Pustki Cisowskie-Demptowo - 09 kwietnia 2024",1,449999.0
"Gdynia, Pogórze - Odświeżono dnia 08 kwietnia 2024",1,
"Gdynia, Mały Kack - Odświeżono dnia 09 kwietnia 2024",1,2990000.0
"Gdynia, Karwiny - Dzisiaj o 05:25",1,699000.0
"Gdynia, Dąbrowa - 09 kwietnia 2024",1,1800000.0
"Gdynia, Cisowa - Odświeżono dnia 09 kwietnia 2024",1,619000.0
"Gdynia, Chwarzno-Wiczlino - Odświeżono dnia 09 kwietnia 2024",1,1085800.0
Gdynia - 06 kwietnia 2024,1,974490.0
"Gliwice, Sośnica - 09 kwietnia 2024",1,450000.0
"Gliwice, Sośnica - Odświeżono dnia 08 kwietnia 2024",1,377000.0
Działdowo - 09 kwietnia 2024,1,469000.0
"Gliwice, Trynek - Dzisiaj o 01:27",1,7800.0
Gostyń - 09 kwietnia 2024,1,879000.0
Gostynin - Odświeżono dnia 09 kwietnia 2024,1,
Gorzów Wielkopolski - Odświeżono dnia 08 kwietnia 2024,1,589000.0
Gorzów Wielkopolski - 26 marca 2024,1,299000.0
Gorzów Wielkopolski - 05 kwietnia 2024,1,439000.0
Gorzów Wielkopolski - 01 kwietnia 2024,1,399500.0
Gorzyce Wielkie - Odświeżono dnia 08 kwietnia 2024,1,685000.0
Gorzków-Osada - Odświeżono dnia 09 kwietnia 2024,1,130000.0
Gomunice - 19 marca 2024,1,
Goleniów - Odświeżono dnia 07 kwietnia 2024,1,849000.0
Godki - 09 kwietnia 2024,1,590000.0
Gnojno - Odświeżono dnia 09 kwietnia 2024,1,
Gniezno - Odświeżono dnia 09 kwietnia 2024,1,219000.0
Gniewkowo - 09 kwietnia 2024,1,850000.0
Gniechowice - 09 kwietnia 2024,1,1850000.0
"Gliwice, Śródmieście - Odświeżono dnia 09 kwietnia 2024",1,477202.0
"Gliwice, Śródmieście - 19 marca 2024",1,865000.0
"Gliwice, Śródmieście - 07 kwietnia 2024",1,559000.0
"Gliwice, Wojska Polskiego - Odświeżono dnia 08 kwietnia 2024",1,
"Gdańsk, Śródmieście - Dzisiaj o 00:23",1,1290000.0
"Gdańsk, Wzgórze Mickiewicza - 09 kwietnia 2024",1,738000.0
"Gdańsk, Wyspa Sobieszewska - Odświeżono dnia 09 kwietnia 2024",1,1228770.0
"Gdańsk, Ujeścisko - Łostowice - 09 kwietnia 2024",1,
Dębno - 09 kwietnia 2024,1,
Dęblin - 26 marca 2024,1,739000.0
Dęblin - 09 kwietnia 2024,1,840000.0
Dębica - Odświeżono dnia 09 kwietnia 2024,1,549000.0
Dębe Wielkie - 09 kwietnia 2024,1,666000.0
Dąbrówka - 09 kwietnia 2024,1,870000.0
Dąbrowice - 09 kwietnia 2024,1,900000.0
Dąbrowa Szlachecka - 09 kwietnia 2024,1,1170000.0
Dąbrowa Górnicza - Dzisiaj o 01:07,1,350000.0
Dąbrowa Górnicza - Dzisiaj o 01:06,1,950000.0
Dąbrowa Górnicza - 26 marca 2024,1,283000.0
Dziśnity - 09 kwietnia 2024,1,
Dziwnów - Odświeżono dnia 09 kwietnia 2024,1,924000.0
Dziwiszów - 09 kwietnia 2024,1,42500.0
Dziuplina - 09 kwietnia 2024,1,1590000.0
Dzierżoniów - Odświeżono dnia 09 kwietnia 2024,1,659000.0
Dzierżoniów - 09 kwietnia 2024,1,169000.0
Działoszyn - 09 kwietnia 2024,1,
Działosza - 09 kwietnia 2024,1,675000.0
Dębowiec - 09 kwietnia 2024,1,747000.0
Długie - 26 lutego 2024,1,999000.0
Ełk - 09 kwietnia 2024,1,
"Gdańsk, Kokoszki - Odświeżono Dzisiaj o 02:49",1,1850000.0
"Gdańsk, Strzyża - Odświeżono dnia 09 kwietnia 2024",1,589900.0
"Gdańsk, Siedlce - 09 kwietnia 2024",1,785000.0
"Gdańsk, Przymorze Wielkie - Odświeżono dnia 08 kwietnia 2024",1,
"Gdańsk, Piecki-Migowo - 15 marca 2024",1,1430000.0
"Gdańsk, Orunia - Św. Wojciech - Lipce - 09 kwietnia 2024",1,599000.0
"Gdańsk, Letnica - 09 kwietnia 2024",1,369000.0
"Gdańsk, Krakowiec - Górki Zachodnie - 09 kwietnia 2024",1,565000.0
"Gdańsk, Kokoszki - Odświeżono dnia 09 kwietnia 2024",1,875000.0
Gdańsk - Odświeżono dnia 07 kwietnia 2024,1,849970.0
Falenty Nowe - Odświeżono dnia 07 kwietnia 2024,1,1399000.0
Gałązki Wielkie - 09 kwietnia 2024,1,550000.0
Gałków Mały - 09 kwietnia 2024,1,499000.0
Gawłów - 09 kwietnia 2024,1,220000.0
Gaszowice - Odświeżono dnia 09 kwietnia 2024,1,
Gajewo - 09 kwietnia 2024,1,895000.0
Gaiki - Odświeżono dnia 09 kwietnia 2024,1,
Frydrychowice - 09 kwietnia 2024,1,3375000.0
Flisy - 09 kwietnia 2024,1,
Gostyń - 09 marca 2024,1,449000.0
Gowarzów - Odświeżono dnia 08 kwietnia 2024,1,
Gowino - 09 kwietnia 2024,1,705000.0
Głuszyca - 09 kwietnia 2024,1,
Janocin - 09 kwietnia 2024,1,
Janiki - Dzisiaj o 01:10,1,150000.0
Janczewo - Odświeżono dnia 07 kwietnia 2024,1,379000.0
Jamy - 09 kwietnia 2024,1,750000.0
Jagodowo - 09 kwietnia 2024,1,539000.0
Jabłonna - 09 kwietnia 2024,1,467000.0
Iława - 13 marca 2024,1,
Izabelin C - 09 kwietnia 2024,1,1480000.0
Iwiny - 09 kwietnia 2024,1,
Irządze - Dzisiaj o 01:10,1,350000.0
Inwałd - 09 kwietnia 2024,1,475000.0
Inowrocław - Odświeżono dnia 09 kwietnia 2024,1,189555.0
Hornówek - 09 kwietnia 2024,1,1295000.0
Henryszew - Odświeżono dnia 09 kwietnia 2024,1,
Henryków - 09 kwietnia 2024,1,1090000.0
Henryk - 09 kwietnia 2024,1,620000.0
Harkabuz - Odświeżono dnia 09 kwietnia 2024,1,
Halinów - Odświeżono dnia 07 kwietnia 2024,1,725000.0
Haczów - 09 kwietnia 2024,1,
Janowice - 09 kwietnia 2024,1,
Januszowice - 09 kwietnia 2024,1,499990.0
Janów Lubelski - 09 kwietnia 2024,1,1550000.0
Jastrzębie-Zdrój - Odświeżono dnia 07 kwietnia 2024,1,
"Jelenia Góra, Zabobrze - 09 kwietnia 2024",1,
"Jelenia Góra, Czarne - 09 kwietnia 2024",1,780000.0
"Jelenia Góra, Cieplice Śląskie-Zdrój - 09 kwietnia 2024",1,
Jelcz-Laskowice - Odświeżono dnia 09 kwietnia 2024,1,
Jaśkowice - Odświeżono dnia 09 kwietnia 2024,1,851000.0
Jaworze - Odświeżono dnia 08 kwietnia 2024,1,
Jastrzębiec - 09 kwietnia 2024,1,
Jastrzębie-Zdrój - Odświeżono dnia 09 kwietnia 2024,1,359000.0
Jastrzębie - Odświeżono dnia 09 kwietnia 2024,1,939000.0
Jarocin - 08 kwietnia 2024,1,
Jastrzębia Góra - 09 kwietnia 2024,1,580000.0
Jasionowo - 09 kwietnia 2024,1,1100000.0
Jasień - 09 kwietnia 2024,1,
Jarużyn - Odświeżono dnia 09 kwietnia 2024,1,
Jarosławiec - 09 kwietnia 2024,1,1349000.0
Jarosław - 23 lutego 2024,1,324000.0
Jarocin - 12 marca 2024,1,
Jarocin - 09 kwietnia 2024,1,
Główczyce - Odświeżono dnia 09 kwietnia 2024,1,
Głuchołazy - 09 kwietnia 2024,1,330000.0
Gozdnica - Odświeżono dnia 08 kwietnia 2024,1,119000.0
Głosków - 09 kwietnia 2024,1,1129000.0
Grudziądz - 15 marca 2024,1,380000.0
Grodzisko - 09 kwietnia 2024,1,570000.0
Grodzisk Wielkopolski - 09 kwietnia 2024,1,890000.0
Grodzisk Mazowiecki - 18 lutego 2024,1,1390000.0
Groblice - 08 kwietnia 2024,1,890000.0
Grajewo - 09 kwietnia 2024,1,
Grabówki - Odświeżono Dzisiaj o 02:17,1,779000.0
Grabówka - Odświeżono dnia 08 kwietnia 2024,1,639000.0
Grabowo Kościerskie - Odświeżono dnia 09 kwietnia 2024,1,315000.0
Grabowo Kościerskie - Odświeżono dnia 07 kwietnia 2024,1,
Grabowo Kościerskie - 09 kwietnia 2024,1,105000.0
Grabno - 09 kwietnia 2024,1,849000.0
Grabice - Odświeżono dnia 07 kwietnia 2024,1,269000.0
Gościm - 09 kwietnia 2024,1,500.0
Gołębiewo Wielkie - 13 marca 2024,1,820000.0
Gołuń - 09 kwietnia 2024,1,270000.0
Gołuchów - 09 kwietnia 2024,1,680000.0
Gołdap - 07 kwietnia 2024,1,330400.0
Gołaszyn - 09 kwietnia 2024,1,899000.0
Grudziądz - 21 marca 2024,1,320000.0
Grudziądz - 25 marca 2024,1,400000.0
Grudziądz - Odświeżono Dzisiaj o 01:09,1,
Grębynice - 09 kwietnia 2024,1,2350000.0
Głogów - Odświeżono dnia 09 kwietnia 2024,1,
Głogów - 09 kwietnia 2024,1,299000.0
Głogoczów - Odświeżono dnia 07 kwietnia 2024,1,479000.0
Gąski - Odświeżono dnia 09 kwietnia 2024,1,175000.0
Górsk - 09 kwietnia 2024,1,499000.0
Górki Zagajne - 09 kwietnia 2024,1,129000.0
Góraszka - 09 kwietnia 2024,1,1199000.0
Gulkajmy - 09 kwietnia 2024,1,299000.0
Grójec - Odświeżono dnia 07 kwietnia 2024,1,100000.0
Gryfino - 09 kwietnia 2024,1,385000.0
Grójec - 09 kwietnia 2024,1,1200000.0
Gródek - Odświeżono dnia 07 kwietnia 2024,1,350000.0
Grzędzice - 09 kwietnia 2024,1,549000.0
Grzęda - Odświeżono dnia 09 kwietnia 2024,1,300000.0
Grzybów - Odświeżono dnia 07 kwietnia 2024,1,
Grzybowo - 09 kwietnia 2024,1,
Grzmucin - 09 kwietnia 2024,1,465000.0
Gryfów Śląski - 09 kwietnia 2024,1,430000.0
Działdowo - Odświeżono dnia 09 kwietnia 2024,1,
Dylągówka - 09 kwietnia 2024,1,215000.0
Jeleśnia - Dzisiaj o 01:11,1,440000.0
Bożkowice - Odświeżono dnia 09 kwietnia 2024,1,460000.0
Borzymów - Odświeżono dnia 08 kwietnia 2024,1,
Borsuki - 09 kwietnia 2024,1,365000.0
Borowy Młyn - 09 kwietnia 2024,1,465000.0
Borki - 09 kwietnia 2024,1,949000.0
Borek - 05 kwietnia 2024,1,710000.0
Bolesławiec - 09 kwietnia 2024,1,680000.0
Bojanów - 09 kwietnia 2024,1,449999.0
Bojanów - 05 kwietnia 2024,1,860000.0
Bojano - 09 kwietnia 2024,1,1020000.0
Boguchwała - 09 kwietnia 2024,1,1399000.0
Boglewice - Odświeżono dnia 09 kwietnia 2024,1,1400000.0
Bobrowiec - Odświeżono dnia 09 kwietnia 2024,1,1097500.0
Boboszów - Odświeżono dnia 07 kwietnia 2024,1,
Blachownia - 09 kwietnia 2024,1,530000.0
Biskupin - Odświeżono dnia 09 kwietnia 2024,1,669000.0
Bihale - Dzisiaj o 00:29,1,200000.0
Bieniewice - 09 kwietnia 2024,1,1498000.0
Bielsko-Biała - Dzisiaj o 01:13,1,195000.0
Bielsko-Biała - 21 marca 2024,1,489000.0
Boszkowo-Letnisko - 09 kwietnia 2024,1,650000.0
Bożków - 09 kwietnia 2024,1,
Dręszew - 09 kwietnia 2024,1,
Brodnica - Dzisiaj o 01:45,1,351555.0
Bydgoszcz - 02 kwietnia 2024,1,468000.0
Byczyna - Odświeżono dnia 09 kwietnia 2024,1,
Buszkowo - 09 kwietnia 2024,1,589000.0
Busko-Zdrój - 09 kwietnia 2024,1,1330000.0
Buków - Odświeżono dnia 09 kwietnia 2024,1,
Bukowce - Odświeżono dnia 09 kwietnia 2024,1,870000.0
Budzyń - 04 kwietnia 2024,1,
Budziszewice - Odświeżono dnia 09 kwietnia 2024,1,556049.0
Budziszewice - 09 kwietnia 2024,1,
Budy Łańcuckie - 19 marca 2024,1,1500000.0
Brójce - 09 kwietnia 2024,1,39000.0
Brzóze Małe - Odświeżono dnia 07 kwietnia 2024,1,
Brzozówka - Odświeżono dnia 08 kwietnia 2024,1,
Brzeźnio - Odświeżono dnia 08 kwietnia 2024,1,594000.0
Brześć Kujawski - 05 kwietnia 2024,1,120000.0
Brzezina - 09 kwietnia 2024,1,729900.0
Brzeg - Odświeżono dnia 09 kwietnia 2024,1,295000.0
Brwilno Dolne - 09 kwietnia 2024,1,870000.0
Brodła - 18 marca 2024,1,519000.0
Bielsk Podlaski - 09 kwietnia 2024,1,
Bielsk - 09 kwietnia 2024,1,
Bielany Wrocławskie - Odświeżono dnia 09 kwietnia 2024,1,895000.0
Bielany Wrocławskie - 09 kwietnia 2024,1,849999.0
Biała Podlaska - Odświeżono dnia 07 kwietnia 2024,1,
Biała Podlaska - 29 marca 2024,1,
Bełżyce - 09 kwietnia 2024,1,
Baszkówka - Odświeżono dnia 08 kwietnia 2024,1,399000.0
Baszkówka - Dzisiaj o 07:23,1,975000.0
Baszewice - 09 kwietnia 2024,1,249000.0
Barwałd Dolny - 09 kwietnia 2024,1,480000.0
Bartoszówka - 03 kwietnia 2024,1,
Barczewo - Odświeżono dnia 09 kwietnia 2024,1,299000.0
Baranów - 09 kwietnia 2024,1,
Baranowo - Odświeżono dnia 09 kwietnia 2024,1,
Banino - 09 kwietnia 2024,1,679000.0
Augustów - Odświeżono dnia 09 kwietnia 2024,1,
Augustów - 09 kwietnia 2024,1,
Ancuty - Odświeżono dnia 09 kwietnia 2024,1,
Alfonsów - 09 kwietnia 2024,1,399000.0
Aleksandrów Łódzki - 09 kwietnia 2024,1,650000.0
Aleksandrów Kujawski - 09 kwietnia 2024,1,265000.0
Adolfowo - Odświeżono dnia 09 kwietnia 2024,1,420000.0
Biała Podlaska - Odświeżono dnia 09 kwietnia 2024,1,324000.0
Białoboki - 09 kwietnia 2024,1,250000.0
Białobrzegi - 09 kwietnia 2024,1,1199000.0
"Białystok, Młodych - 09 kwietnia 2024",1,799999.0
Biedrusko - 09 kwietnia 2024,1,530000.0
Bibice - 09 kwietnia 2024,1,1167000.0
"Białystok, Zawady - 09 kwietnia 2024",1,720000.0
"Białystok, Wygoda - 09 kwietnia 2024",1,624250.0
"Białystok, Sienkiewicza - Odświeżono dnia 09 kwietnia 2024",1,
"Białystok, Sienkiewicza - Odświeżono dnia 08 kwietnia 2024",1,
"Białystok, Przydworcowe - Odświeżono Dzisiaj o 01:03",1,499000.0
"Białystok, Przydworcowe - Dzisiaj o 03:27",1,699000.0
"Białystok, Dziesięciny II - Odświeżono dnia 08 kwietnia 2024",1,
Białobrzegi - Odświeżono dnia 09 kwietnia 2024,1,119000.0
"Białystok, Dojlidy Górne - Odświeżono dnia 08 kwietnia 2024",1,1170000.0
"Białystok, Centrum - Dzisiaj o 04:36",1,
"Białystok, Centrum - 08 kwietnia 2024",1,
"Białystok, Białostoczek - Odświeżono dnia 09 kwietnia 2024",1,
"Białystok, Białostoczek - 09 kwietnia 2024",1,569000.0
Białystok - 09 kwietnia 2024,1,499000.0
Białośliwie - 09 kwietnia 2024,1,
Białogard - 23 marca 2024,1,
Bydgoszcz - 08 kwietnia 2024,1,
Bydgoszcz - Dzisiaj o 05:03,1,629000.0
Bystre - 09 kwietnia 2024,1,2700000.0
Cybulice Małe - Odświeżono dnia 08 kwietnia 2024,1,739000.0
"Częstochowa, Zawodzie - Dąbie - 09 kwietnia 2024",1,649000.0
"Częstochowa, Wrzosowiak - Odświeżono dnia 09 kwietnia 2024",1,590000.0
"Częstochowa, Wrzosowiak - 09 kwietnia 2024",1,200000.0
"Częstochowa, Tysiąclecie - 02 kwietnia 2024",1,196000.0
"Częstochowa, Trzech Wieszczów - 09 kwietnia 2024",1,230000.0
"Częstochowa, Stradom - 17 marca 2024",1,
"Częstochowa, Północ - Odświeżono dnia 08 kwietnia 2024",1,
"Częstochowa, Północ - 09 kwietnia 2024",1,450000.0
"Częstochowa, Parkitka - Odświeżono dnia 09 kwietnia 2024",1,420000.0
"Częstochowa, Parkitka - 09 kwietnia 2024",1,949000.0
"Częstochowa, Ostatni Grosz - Odświeżono dnia 09 kwietnia 2024",1,
"Częstochowa, Kawodrza - Odświeżono dnia 09 kwietnia 2024",1,
Częstochowa - Odświeżono dnia 09 kwietnia 2024,1,649000.0
Częstochowa - 08 kwietnia 2024,1,445000.0
Czerwonak - 09 kwietnia 2024,1,550000.0
Czerniec - 09 kwietnia 2024,1,600000.0
Czemierniki - 09 kwietnia 2024,1,360000.0
Czarże - Odświeżono dnia 05 kwietnia 2024,1,759000.0
Czarna Woda - 09 kwietnia 2024,1,
Człuchów - 09 kwietnia 2024,1,1290000.0
Człuchów - Odświeżono dnia 09 kwietnia 2024,1,
Dankowice-Piaski - 09 kwietnia 2024,1,320000.0
Dobroszyce - 09 kwietnia 2024,1,2000000.0
Droszków - 09 kwietnia 2024,1,
Drogusza - Odświeżono dnia 09 kwietnia 2024,1,
Drochowo - Dzisiaj o 06:44,1,
Drawiny - 09 kwietnia 2024,1,
Dopiewo - 09 kwietnia 2024,1,649000.0
Dopiewiec - 05 kwietnia 2024,1,
Domaszczyn - 25 marca 2024,1,1100000.0
Domaszczyn - 09 kwietnia 2024,1,798000.0
Dobrogościce - 09 kwietnia 2024,1,799000.0
Darłowo - Odświeżono dnia 09 kwietnia 2024,1,549000.0
Dobra - 09 kwietnia 2024,1,1399000.0
Dobierzyn - 09 kwietnia 2024,1,540000.0
Debrzno - 09 kwietnia 2024,1,265000.0
Dawidy Bankowe - 09 kwietnia 2024,1,
Dawia - 09 kwietnia 2024,1,1550000.0
"Darłowo, Darłówko - Odświeżono dnia 09 kwietnia 2024",1,
"Darłowo, Darłówko - 09 kwietnia 2024",1,
"Darłowo, Centrum - Odświeżono dnia 09 kwietnia 2024",1,
Cyców - Odświeżono dnia 08 kwietnia 2024,1,
Cieszyn - Odświeżono dnia 09 kwietnia 2024,1,2190000.0
Bytom - 05 kwietnia 2024,1,229900.0
Cielętniki - Dzisiaj o 01:11,1,350000.0
Chełm Górny - 09 kwietnia 2024,1,449000.0
Chełm - Dzisiaj o 05:29,1,420000.0
Chełm - 05 kwietnia 2024,1,445680.0
Chałupy - Odświeżono dnia 09 kwietnia 2024,1,1495000.0
Charzyno - 22 marca 2024,1,
Cerkiewnik - 09 kwietnia 2024,1,360000.0
Ceradz Kościelny - 09 kwietnia 2024,1,980000.0
Cekcyn - 09 kwietnia 2024,1,655000.0
Błądzim - 09 kwietnia 2024,1,149999.0
Błudowo - 09 kwietnia 2024,1,250000.0
Błonie - Odświeżono dnia 08 kwietnia 2024,1,
Błonie - 08 kwietnia 2024,1,755000.0
Błomino Gumowskie - 09 kwietnia 2024,1,395000.0
Błażejewo - 04 marca 2024,1,799000.0
"Będzin, Śródmieście - 09 kwietnia 2024",1,240000.0
"Będzin, Gzichów - 09 kwietnia 2024",1,288000.0
Bębło - 09 kwietnia 2024,1,
Bytom - Odświeżono dnia 08 kwietnia 2024,1,
Bytom - Odświeżono Dzisiaj o 00:16,1,
Chełm Śląski - 01 kwietnia 2024,1,
Chełmno - 09 kwietnia 2024,1,
Chludowo - 09 kwietnia 2024,1,1300000.0
Chronów - 20 marca 2024,1,
Cieleśnica - Dzisiaj o 07:22,1,
Ciechocinek - 09 kwietnia 2024,1,
Ciechanów - Odświeżono Dzisiaj o 00:18,1,
Ciechanów - 09 kwietnia 2024,1,340000.0
Ciechanów - 08 kwietnia 2024,1,
Ciechanki Krzesimowskie - 09 kwietnia 2024,1,1290000.0
Chylice - 09 kwietnia 2024,1,1100000.0
Chruszczewo - 08 kwietnia 2024,1,870000.0
Choszczno - 09 kwietnia 2024,1,515000.0
Chmielniki - 09 kwietnia 2024,1,650000.0
Chorzów - Odświeżono dnia 09 kwietnia 2024,1,204000.0
Chorzów - Dzisiaj o 00:06,1,428000.0
Chorzów - 18 marca 2024,1,1290000.0
Chorzów - 03 kwietnia 2024,1,515000.0
Chorzele - 09 kwietnia 2024,1,289000.0
Chojnów - 09 kwietnia 2024,1,790000.0
Chojnice - 09 kwietnia 2024,1,275000.0
Chodecz - 09 kwietnia 2024,1,195000.0
Jeleńska Huta - 09 kwietnia 2024,1,295000.0
Jeleśnia - Odświeżono dnia 09 kwietnia 2024,1,
Ploski - Odświeżono dnia 09 kwietnia 2024,1,
Mościczki - Odświeżono dnia 07 kwietnia 2024,1,500000.0
Morąg - Odświeżono dnia 09 kwietnia 2024,1,
Mojsławice - Odświeżono dnia 09 kwietnia 2024,1,10000.0
Mogilany - 09 kwietnia 2024,1,920000.0
Modrzewie - 09 kwietnia 2024,1,1300000.0
Modlniczka - 31 marca 2024,1,1250000.0
Modlniczka - 09 kwietnia 2024,1,955000.0
Modlnica - Odświeżono dnia 08 kwietnia 2024,1,996072.0
Modlnica - Dzisiaj o 00:12,1,1157000.0
Mińsk Mazowiecki - Dzisiaj o 00:53,1,550000.0
Mińsk Mazowiecki - Dzisiaj o 00:18,1,839900.0
Mińsk Mazowiecki - 15 marca 2024,1,
Miłoradzice - Odświeżono dnia 09 kwietnia 2024,1,
Miłków - 09 kwietnia 2024,1,249000.0
Międzyzdroje - 09 kwietnia 2024,1,525000.0
Międzyrzecz - Odświeżono dnia 09 kwietnia 2024,1,
Międzylesie - Odświeżono dnia 09 kwietnia 2024,1,
Międzybórz - Odświeżono dnia 09 kwietnia 2024,1,380000.0
Międzyborów - 09 kwietnia 2024,1,848000.0
Mirków - 09 kwietnia 2024,1,560000.0
Mołodiatycze - 08 kwietnia 2024,1,260000.0
Mrozy - Odświeżono dnia 09 kwietnia 2024,1,780000.0
Lesznowola - Odświeżono dnia 09 kwietnia 2024,1,1780000.0
Mrozów - Odświeżono dnia 09 kwietnia 2024,1,
Niedźwiedź - Odświeżono dnia 08 kwietnia 2024,1,555000.0
Niedrzwica Kościelna - 09 kwietnia 2024,1,
Niedrzwica Duża - Odświeżono dnia 08 kwietnia 2024,1,489000.0
Naterki - Odświeżono dnia 09 kwietnia 2024,1,
Narty - 09 kwietnia 2024,1,315000.0
Nadarzyn - 09 kwietnia 2024,1,897000.0
Mściszewice - 09 kwietnia 2024,1,
Mława - 09 kwietnia 2024,1,479000.0
Mąkowarsko - 04 kwietnia 2024,1,
Mórkowo - Odświeżono dnia 05 kwietnia 2024,1,539000.0
Myślęcinek - 09 kwietnia 2024,1,799000.0
Myślenice - Odświeżono dnia 09 kwietnia 2024,1,
Myślenice - 09 kwietnia 2024,1,915000.0
Mysłakowice - Odświeżono dnia 09 kwietnia 2024,1,970000.0
Myszków - Dzisiaj o 01:09,1,240000.0
Myszków - Dzisiaj o 01:07,1,600000.0
Mystków - 09 kwietnia 2024,1,549000.0
Murowana Goślina - Odświeżono dnia 09 kwietnia 2024,1,620000.0
Mrągowo - Odświeżono dnia 09 kwietnia 2024,1,
Miodówko - Odświeżono dnia 09 kwietnia 2024,1,
Mierzyn - 09 kwietnia 2024,1,990000.0
Mielno - 03 kwietnia 2024,1,
Mieleszki - 09 kwietnia 2024,1,
Luboń - Odświeżono dnia 09 kwietnia 2024,1,599000.0
Luboń - 09 kwietnia 2024,1,3300000.0
Luboń - 03 kwietnia 2024,1,
Lublin - Dzisiaj o 01:10,1,620900.0
Lubin - 29 marca 2024,1,450000.0
Lubin - 09 kwietnia 2024,1,320000.0
Lubikowo - Odświeżono dnia 09 kwietnia 2024,1,
Lubań - Odświeżono dnia 09 kwietnia 2024,1,
Lubawa - Odświeżono Dzisiaj o 02:15,1,
Lubaty - 22 marca 2024,1,
Lubachów - Dzisiaj o 07:26,1,890000.0
Litychowo - 09 kwietnia 2024,1,379000.0
Lisów - 09 kwietnia 2024,1,759000.0
Lipsko - 09 kwietnia 2024,1,
Lipno - 09 kwietnia 2024,1,
Lipie Góry - 09 kwietnia 2024,1,
Lipie - 09 kwietnia 2024,1,
Ligota Piękna - 09 kwietnia 2024,1,768000.0
Ligota Mała - 09 kwietnia 2024,1,550000.0
Lubsko - 09 kwietnia 2024,1,
Lębork - Dzisiaj o 01:15,1,989000.0
Lębork - Odświeżono Dzisiaj o 02:30,1,675000.0
Masłowo - 09 kwietnia 2024,1,
Michałowice - Odświeżono dnia 09 kwietnia 2024,1,849000.0
Maśnik - 09 kwietnia 2024,1,850000.0
Małęczyn Nowy - Odświeżono dnia 09 kwietnia 2024,1,
Małkinia Górna - 09 kwietnia 2024,1,124000.0
Mała Huta - 09 kwietnia 2024,1,655000.0
Mała Cerkwica - 09 kwietnia 2024,1,379000.0
"Mazewo Dworskie ""A"" - 02 kwietnia 2024",1,600000.0
Matysówka - 09 kwietnia 2024,1,1070000.0
Marki - 25 marca 2024,1,816000.0
Lędziny - Dzisiaj o 01:08,1,530000.0
Marki - 09 kwietnia 2024,1,
Mareza - 09 kwietnia 2024,1,985000.0
Marciszów - Odświeżono dnia 09 kwietnia 2024,1,
Marciszów - 09 kwietnia 2024,1,
Marcinkowice - 09 kwietnia 2024,1,865000.0
Malbork - 09 kwietnia 2024,1,375000.0
Maków Podhalański - 09 kwietnia 2024,1,
Makosieje - Odświeżono dnia 09 kwietnia 2024,1,399000.0
Niegowonice - 09 kwietnia 2024,1,539000.0
Niemce - 09 kwietnia 2024,1,835000.0
Niemcz - 09 kwietnia 2024,1,869000.0
Osie - 09 kwietnia 2024,1,375000.0
Pabianice - 07 kwietnia 2024,1,
Pabianice - 05 kwietnia 2024,1,
Ożarów Mazowiecki - 09 kwietnia 2024,1,709000.0
Oława - Odświeżono dnia 09 kwietnia 2024,1,
Ozimek - 09 kwietnia 2024,1,799000.0
Otwock - Odświeżono dnia 07 kwietnia 2024,1,1049000.0
Otręba - 09 kwietnia 2024,1,799000.0
Otomin - 09 kwietnia 2024,1,2300000.0
Ostrów Wielkopolski - Odświeżono dnia 09 kwietnia 2024,1,
Ostróda - 09 kwietnia 2024,1,
Ostrożanka - 09 kwietnia 2024,1,
Ostrowo - Odświeżono dnia 09 kwietnia 2024,1,775000.0
Ostrowiec Świętokrzyski - Odświeżono dnia 09 kwietnia 2024,1,
Ostrowiec Świętokrzyski - Odświeżono dnia 08 kwietnia 2024,1,263000.0
Ostrowiec Świętokrzyski - Dzisiaj o 03:37,1,
Ostrowiec Świętokrzyski - 09 kwietnia 2024,1,1500000.0
Osiek Wielki - 12 marca 2024,1,429900.0
Osiek Nad Wisłą - 09 kwietnia 2024,1,
Osiek - 09 kwietnia 2024,1,649000.0
Pabianice - Dzisiaj o 04:29,1,250000.0
Pabianice - Odświeżono dnia 09 kwietnia 2024,1,999000.0
Pasikurowice - 09 kwietnia 2024,1,1085000.0
Pilwa - 09 kwietnia 2024,1,179000.0
Piła - Dzisiaj o 06:56,1,
Piła - Dzisiaj o 04:47,1,
Piła - 16 marca 2024,1,239000.0
Piła - 09 kwietnia 2024,1,
Piątkowisko - 09 kwietnia 2024,1,980000.0
Pisz - 09 kwietnia 2024,1,660000.0
Piotrowice - Odświeżono dnia 09 kwietnia 2024,1,1530000.0
Piotrkowice Wielkie - 09 kwietnia 2024,1,597000.0
Pilchowo - 09 kwietnia 2024,1,799000.0
Paszkowszczyzna - Dzisiaj o 07:29,1,74000.0
Pieńsk - 09 kwietnia 2024,1,380000.0
Pielgrzymowice - Dzisiaj o 07:15,1,
Piekary Śląskie - 09 kwietnia 2024,1,455000.0
Piastów - Odświeżono dnia 07 kwietnia 2024,1,
Piaseczno - 07 kwietnia 2024,1,800000.0
Pelplin - Odświeżono Dzisiaj o 00:06,1,519000.0
Pawłowo - Odświeżono dnia 09 kwietnia 2024,1,
Pawłowiczki - 09 kwietnia 2024,1,
Osiedle Bondary - 09 kwietnia 2024,1,549000.0
Orzesze - Odświeżono dnia 09 kwietnia 2024,1,395000.0
Niemcza - 09 kwietnia 2024,1,149000.0
Orzesze - 09 kwietnia 2024,1,399000.0
Nysa - 09 kwietnia 2024,1,269000.0
Nożyno - Odświeżono dnia 09 kwietnia 2024,1,
Nowy Świat - 09 kwietnia 2024,1,749000.0
Nowy Targ - 09 kwietnia 2024,1,850000.0
Nowy Sącz - 09 kwietnia 2024,1,
Nowy Kościół - Odświeżono dnia 09 kwietnia 2024,1,
Nowy Kamień - Odświeżono dnia 09 kwietnia 2024,1,
Nowy Kamień - 07 kwietnia 2024,1,
Nowy Dwór - 09 kwietnia 2024,1,289000.0
Nowe Gniewniewice - 09 kwietnia 2024,1,480000.0
Nowa Wieś Rzeczna - 09 kwietnia 2024,1,898000.0
Nowa Wieś - 01 kwietnia 2024,1,
Nowa Ruda - 09 kwietnia 2024,1,244900.0
Adamowo - Odświeżono dnia 09 kwietnia 2024,1,
Niwnica - 08 kwietnia 2024,1,
Nisko - 09 kwietnia 2024,1,789000.0
Niewieścin - 09 kwietnia 2024,1,
Niestkowo - 09 kwietnia 2024,1,549000.0
Nieporęt - 07 kwietnia 2024,1,790000.0
Nysa - 18 marca 2024,1,264000.0
Oblasy - 09 kwietnia 2024,1,
Obrowo - 09 kwietnia 2024,1,720000.0
Olsztyn - Odświeżono dnia 08 kwietnia 2024,1,385000.0
Orneta - Odświeżono dnia 09 kwietnia 2024,1,120000.0
Opole - 01 kwietnia 2024,1,319000.0
Opoczno - 12 marca 2024,1,589000.0
Opoczno - 09 kwietnia 2024,1,200000.0
Opiesin - 09 kwietnia 2024,1,
Olza - Dzisiaj o 01:13,1,370000.0
Olszyna Dolna - 09 kwietnia 2024,1,2850000.0
Olsztynek - Odświeżono dnia 09 kwietnia 2024,1,669000.0
Olsztyn - Odświeżono dnia 07 kwietnia 2024,1,
Ojrzanowo - 09 kwietnia 2024,1,650000.0
Olsztyn - Odświeżono Dzisiaj o 01:28,1,358000.0
Olsztyn - Odświeżono Dzisiaj o 00:00,1,970000.0
Olsztyn - 09 kwietnia 2024,1,849000.0
Oleśniczka - 07 kwietnia 2024,1,
"Oleśnica, Oleśnica - 09 kwietnia 2024",1,
Olecko - 09 kwietnia 2024,1,252007.0
Olchówka - 09 kwietnia 2024,1,248000.0
Olbrachcice - 09 kwietnia 2024,1,
Lidzbark Warmiński - 09 kwietnia 2024,1,299900.0
Leszno Górne - 09 kwietnia 2024,1,200000.0
Jelna - 09 kwietnia 2024,1,699000.0
Koczała - 09 kwietnia 2024,1,829000.0
Kock - 09 kwietnia 2024,1,
Kobyłka - Odświeżono dnia 09 kwietnia 2024,1,
Kobyłka - 09 kwietnia 2024,1,899000.0
Knurów - 09 kwietnia 2024,1,
Kluczkowice - 09 kwietnia 2024,1,450000.0
Kluczbork - 09 kwietnia 2024,1,
Kliniska Wielkie - Odświeżono Dzisiaj o 00:07,1,1420000.0
Kleszczewo - 31 marca 2024,1,
Klepacze - 09 kwietnia 2024,1,695000.0
Kleosin - Odświeżono dnia 09 kwietnia 2024,1,339000.0
Klebark Wielki - 09 kwietnia 2024,1,1399000.0
Klasztorek - 09 kwietnia 2024,1,900000.0
Kiełpino - 09 kwietnia 2024,1,695000.0
Kiełczówek - 22 marca 2024,1,549000.0
Kiełczów - 09 kwietnia 2024,1,1499999.0
Kielno - 09 kwietnia 2024,1,675000.0
Kielce - Odświeżono Dzisiaj o 02:15,1,524500.0
Kielce - 11 marca 2024,1,319000.0
Kaźmierz - 09 kwietnia 2024,1,1075000.0
Kocmyrzów - 09 kwietnia 2024,1,999000.0
Komorniki - 07 kwietnia 2024,1,633000.0
Leszno Dolne - 09 kwietnia 2024,1,2700000.0
Komorniki - 07 marca 2024,1,633000.0
Koszęcin - 09 kwietnia 2024,1,399000.0
Koszalin - Odświeżono Dzisiaj o 02:12,1,339900.0
Koszalin - 21 marca 2024,1,850000.0
Koszalin - 02 kwietnia 2024,1,
Koszalin - 01 kwietnia 2024,1,
Kostrzyca - 07 kwietnia 2024,1,
Kostomłoty Pierwsze - 09 kwietnia 2024,1,1123200.0
Korsze - 09 kwietnia 2024,1,
Kopanino - 09 kwietnia 2024,1,
Konstantynów Łódzki - Odświeżono dnia 09 kwietnia 2024,1,
Konin - Odświeżono dnia 09 kwietnia 2024,1,
Konin - Odświeżono dnia 08 kwietnia 2024,1,
Konin - Dzisiaj o 05:16,1,256000.0
Konin - 09 kwietnia 2024,1,280000.0
Konikowo - 09 kwietnia 2024,1,
Koniecpol - Dzisiaj o 01:08,1,399900.0
Komprachcice - 09 kwietnia 2024,1,930000.0
Komorów - 09 kwietnia 2024,1,
Komorowice - 18 marca 2024,1,610000.0
Kazimierów - Odświeżono Dzisiaj o 00:42,1,850000.0
"Katowice, Śródmieście - Odświeżono dnia 09 kwietnia 2024",1,
"Katowice, Śródmieście - Odświeżono dnia 07 kwietnia 2024",1,
"Katowice, Śródmieście - 09 kwietnia 2024",1,525000.0
Kamieniec - 09 kwietnia 2024,1,699000.0
Kalwaria Zebrzydowska - Odświeżono Dzisiaj o 01:26,1,
Kalna - 09 kwietnia 2024,1,1599000.0
Kalisz - Odświeżono dnia 09 kwietnia 2024,1,
Kalisz - Odświeżono Dzisiaj o 01:28,1,
Kalisz - 27 marca 2024,1,
Kalisz - 07 kwietnia 2024,1,195000.0
Kalinówka - 09 kwietnia 2024,1,1450000.0
Kaleń - Odświeżono dnia 09 kwietnia 2024,1,630000.0
Kaletnik - 09 kwietnia 2024,1,54600.0
Jędrzychów - 09 kwietnia 2024,1,389000.0
Jędrzejowice - 09 kwietnia 2024,1,
Józefów - 09 kwietnia 2024,1,2390000.0
Józefosław - Odświeżono dnia 08 kwietnia 2024,1,999000.0
Jonkowo - Odświeżono dnia 09 kwietnia 2024,1,275000.0
Jodłów - 09 kwietnia 2024,1,
Jeżewo - 09 kwietnia 2024,1,340000.0
Jeziórko - 09 kwietnia 2024,1,1600000.0
Jerzmanowice - Odświeżono dnia 09 kwietnia 2024,1,899000.0
Kamieniec Wrocławski - Odświeżono dnia 08 kwietnia 2024,1,609000.0
Kamienna Góra - Dzisiaj o 05:29,1,195000.0
Kamionka - 09 kwietnia 2024,1,2390000.0
"Katowice, Dąb - Odświeżono dnia 09 kwietnia 2024",1,
"Katowice, Zawodzie - 09 kwietnia 2024",1,369000.0
"Katowice, Wełnowiec-Józefowiec - 09 kwietnia 2024",1,418999.0
"Katowice, Szopienice-Burowiec - 18 marca 2024",1,240000.0
"Katowice, Osiedle Witosa - Odświeżono dnia 09 kwietnia 2024",1,
"Katowice, Osiedle Tysiąclecia - Odświeżono dnia 09 kwietnia 2024",1,395000.0
"Katowice, Osiedle Tysiąclecia - 09 kwietnia 2024",1,599999.0
"Katowice, Osiedle Paderewskiego-Muchowiec - Odświeżono dnia 07 kwietnia 2024",1,404000.0
"Katowice, Ligota-Panewniki - 09 kwietnia 2024",1,449000.0
"Katowice, Dąb - Odświeżono dnia 08 kwietnia 2024",1,
Kamionki - Dzisiaj o 00:35,1,1050000.0
"Katowice, Dąb - 09 kwietnia 2024",1,429290.0
"Katowice, Bogucice - 09 kwietnia 2024",1,375000.0
Katowice - Dzisiaj o 05:22,1,453000.0
Katowice - Dzisiaj o 00:15,1,629000.0
Karwiany - Odświeżono dnia 09 kwietnia 2024,1,1025000.0
Karolina - Dzisiaj o 00:22,1,919900.0
Kaniów - Odświeżono dnia 09 kwietnia 2024,1,650000.0
Kanin - Odświeżono dnia 09 kwietnia 2024,1,
Kowalicha - 09 kwietnia 2024,1,560000.0
Kowanówko - 09 kwietnia 2024,1,445000.0
Kownaciska - 09 kwietnia 2024,1,
Krupe - 09 kwietnia 2024,1,400000.0
Kuźnica Skakawska - Dzisiaj o 06:39,1,235000.0
Kuźnia Raciborska - 09 kwietnia 2024,1,187000.0
Kutno - 09 kwietnia 2024,1,
Kurowice - Odświeżono dnia 09 kwietnia 2024,1,580000.0
Kup - 09 kwietnia 2024,1,990000.0
Kunice - 09 kwietnia 2024,1,
Kudowa-Zdrój - 09 kwietnia 2024,1,
Kucoby - 09 kwietnia 2024,1,830000.0
Książnik - 09 kwietnia 2024,1,
Krężnica Jara - 09 kwietnia 2024,1,540000.0
Krępa - Odświeżono dnia 09 kwietnia 2024,1,
Krzywiec - Odświeżono dnia 09 kwietnia 2024,1,950000.0
Krzeszowice - Odświeżono dnia 09 kwietnia 2024,1,119700.0
Krzeptów - 08 kwietnia 2024,1,
Krzemienica - 09 kwietnia 2024,1,500000.0
Krzeczyn - Odświeżono dnia 09 kwietnia 2024,1,
Krzeczyn - 09 kwietnia 2024,1,950000.0
Kruszów - 09 kwietnia 2024,1,
Kruszwica - 09 kwietnia 2024,1,265000.0
Kwasowo - 09 kwietnia 2024,1,419000.0
Kwidzyn - 20 marca 2024,1,387300.0
Kwidzyn - Odświeżono dnia 09 kwietnia 2024,1,100000.0
Kłobuck - Odświeżono dnia 08 kwietnia 2024,1,699000.0
Leszczany I - 13 marca 2024,1,
Lekartów - Dzisiaj o 01:08,1,170000.0
Legnica - Odświeżono dnia 09 kwietnia 2024,1,
Legnica - Odświeżono dnia 07 kwietnia 2024,1,250480.0
Legnica - Odświeżono Dzisiaj o 03:33,1,369000.0
Legnica - Dzisiaj o 01:54,1,
Laski Małe - 09 kwietnia 2024,1,209000.0
Lachowice - Dzisiaj o 01:06,1,220000.0
Kłanino - 09 kwietnia 2024,1,149000.0
Kąty Wrocławskie - 09 kwietnia 2024,1,
Kęty - Odświeżono dnia 09 kwietnia 2024,1,
Kęty - Odświeżono dnia 07 kwietnia 2024,1,606000.0
Kęty - 09 kwietnia 2024,1,425000.0
Kętrzyn - Dzisiaj o 03:10,1,
Kętrzyn - 09 kwietnia 2024,1,320000.0
Kętrzyn - 08 kwietnia 2024,1,190000.0
Kępno - 09 kwietnia 2024,1,
Kępice - Odświeżono dnia 09 kwietnia 2024,1,
Krupiec - 09 kwietnia 2024,1,210000.0
Krosno Odrzańskie - 09 kwietnia 2024,1,
Kozienice - Odświeżono dnia 09 kwietnia 2024,1,
Krasnobród - 09 kwietnia 2024,1,
"Kraków, Dębniki - 31 marca 2024",1,1250000.0
"Kraków, Dębniki - 28 lutego 2024",1,999000.0
"Kraków, Czyżyny - Odświeżono dnia 09 kwietnia 2024",1,670000.0
"Kraków, Czyżyny - Odświeżono dnia 07 kwietnia 2024",1,
"Kraków, Bronowice - Odświeżono dnia 09 kwietnia 2024",1,450000.0
"Kraków, Bronowice - Odświeżono dnia 08 kwietnia 2024",1,1717500.0
"Kraków, Bieżanów-Prokocim - Odświeżono dnia 07 kwietnia 2024",1,849000.0
Kraków - Odświeżono dnia 09 kwietnia 2024,1,1297000.0
Kożuchów - 09 kwietnia 2024,1,
Kościerzyna - Odświeżono dnia 07 kwietnia 2024,1,
Końskie - Odświeżono dnia 09 kwietnia 2024,1,
Końskie - 04 kwietnia 2024,1,670000.0
Kończyce Wielkie - 09 kwietnia 2024,1,350000.0
Kończyce Małe - 09 kwietnia 2024,1,250000.0
Kołoniec - 09 kwietnia 2024,1,
Kołobrzeg - Odświeżono dnia 07 kwietnia 2024,1,535000.0
Kołbaskowo - 09 kwietnia 2024,1,1179000.0
Kozy - 09 kwietnia 2024,1,679999.0
Kozierów - Odświeżono dnia 09 kwietnia 2024,1,1420000.0
"Kraków, Dębniki - Odświeżono dnia 08 kwietnia 2024",1,1199000.0
"Kraków, Grzegórzki - 27 marca 2024",1,339000.0
"Kraków, Grzegórzki - Odświeżono Dzisiaj o 03:29",1,
"Kraków, Podgórze Duchackie - Odświeżono dnia 08 kwietnia 2024",1,299000.0
Krasna - 09 kwietnia 2024,1,750000.0
Krapkowice - Odświeżono dnia 09 kwietnia 2024,1,
"Kraków, Łagiewniki-Borek Fałęcki - Odświeżono dnia 07 kwietnia 2024",1,3080000.0
"Kraków, Zwierzyniec - Odświeżono dnia 09 kwietnia 2024",1,739000.0
"Kraków, Stare Miasto - Odświeżono dnia 09 kwietnia 2024",1,676000.0
"Kraków, Prądnik Biały - Odświeżono dnia 09 kwietnia 2024",1,1200000.0
"Kraków, Prądnik Biały - Odświeżono Dzisiaj o 01:14",1,780000.0
"Kraków, Prądnik Biały - Odświeżono Dzisiaj o 00:41",1,1700000.0
"Kraków, Podgórze - Odświeżono dnia 08 kwietnia 2024",1,710000.0
"Kraków, Grzegórzki - Odświeżono dnia 07 kwietnia 2024",1,529000.0
"Kraków, Podgórze - Odświeżono dnia 07 kwietnia 2024",1,799000.0
"Kraków, Podgórze - Odświeżono dnia 04 kwietnia 2024",1,836220.0
"Kraków, Podgórze - Dzisiaj o 03:51",1,999000.0
"Kraków, Podgórze - Dzisiaj o 03:50",1,730000.0
"Kraków, Nowa Huta - Odświeżono dnia 08 kwietnia 2024",1,540000.0
"Kraków, Nowa Huta - 07 kwietnia 2024",1,
"Kraków, Mistrzejowice - 09 kwietnia 2024",1,899000.0
"Kraków, Krowodrza - Odświeżono dnia 06 kwietnia 2024",1,1225000.0
Żółwin - 09 kwietnia 2024,1,998000.0
